run_index,dataset,target_recall,system,label,recall,recall_at_10,recall_at_100,qps,avg_latency_ms,p50_ms,p90_ms,p95_ms,p99_ms,max_ms,stddev_ms,gpu_mem_peak_mib,log
1,hotpot,0.90,chimera,r090_q4,0.91384,0.9441,0.91384,328.823,3.041,2.970,3.283,3.376,5.591,10.547,0.563,9661.38,profiling/chimera_variant_targets/logs/20260429T154740Z/hotpot/0.90/chimera/r090_q4_slots1_run1.log
1,hotpot,0.90,chimera_nolut,r090_q4,0.91383,0.9444,0.91383,250.871,3.984,3.870,4.345,4.515,7.252,11.704,0.744,9661.38,profiling/chimera_variant_targets/logs/20260429T154740Z/hotpot/0.90/chimera_nolut/r090_q4_slots1_run1.log
1,hotpot,0.90,chimera_nolut_nosum,r090_q4,0.91399,0.9441,0.91399,167.889,5.956,5.869,6.649,6.996,9.629,13.632,0.926,9661.38,profiling/chimera_variant_targets/logs/20260429T154740Z/hotpot/0.90/chimera_nolut_nosum/r090_q4_slots1_run1.log
1,hotpot,0.90,chimera_nosum,r090_q4,0.91395,0.9443,0.91395,194.883,5.127,5.124,5.581,5.733,8.204,11.577,0.779,9661.38,profiling/chimera_variant_targets/logs/20260429T154740Z/hotpot/0.90/chimera_nosum/r090_q4_slots1_run1.log
1,hotpot,0.90,v9,r090_q4,0.91375,0.9441,0.91375,335.781,2.978,2.919,3.228,3.312,5.239,7.200,0.399,15061.38,profiling/chimera_variant_targets/logs/20260429T154740Z/hotpot/0.90/v9/r090_q4_slots1_run1.log
1,hotpot,0.95,chimera,r095_q9,0.95011,0.9495,0.95011,132.202,7.561,7.420,8.197,8.474,14.540,15.501,1.047,10205.38,profiling/chimera_variant_targets/logs/20260429T154740Z/hotpot/0.95/chimera/r095_q9_slots1_run1.log
1,hotpot,0.95,chimera_nolut,r095_q9,0.95011,0.9495,0.95011,95.300,10.493,10.339,11.430,11.910,16.962,18.383,1.171,10205.38,profiling/chimera_variant_targets/logs/20260429T154740Z/hotpot/0.95/chimera_nolut/r095_q9_slots1_run1.log
1,hotpot,0.95,chimera_nolut_nosum,r095_q9,0.95008,0.9495,0.95008,79.959,12.503,12.177,13.299,15.196,21.164,25.608,1.733,10205.38,profiling/chimera_variant_targets/logs/20260429T154740Z/hotpot/0.95/chimera_nolut_nosum/r095_q9_slots1_run1.log
1,hotpot,0.95,chimera_nosum,r095_q9,0.9501,0.9495,0.9501,106.644,9.376,9.171,9.941,10.385,15.977,17.092,1.254,10205.38,profiling/chimera_variant_targets/logs/20260429T154740Z/hotpot/0.95/chimera_nosum/r095_q9_slots1_run1.log
1,hotpot,0.95,v9,r095_q9,0.9501,0.9495,0.9501,146.321,6.834,6.739,7.384,7.657,10.026,14.726,0.842,15605.38,profiling/chimera_variant_targets/logs/20260429T154740Z/hotpot/0.95/v9/r095_q9_slots1_run1.log
1,lotte,0.90,chimera,r090_c1,0.909311,0.957421,0.909311,532.468,1.878,1.826,2.087,2.173,2.476,10.334,0.322,9087.38,profiling/chimera_variant_targets/logs/20260429T154740Z/lotte/0.90/chimera/r090_c1_slots1_run1.log
1,lotte,0.90,chimera_nolut,r090_c1,0.909287,0.957489,0.909287,442.645,2.259,2.161,2.371,2.484,6.705,10.087,0.753,9085.38,profiling/chimera_variant_targets/logs/20260429T154740Z/lotte/0.90/chimera_nolut/r090_c1_slots1_run1.log
1,lotte,0.90,chimera_nolut_nosum,r090_c1,0.909263,0.957489,0.909263,229.951,4.348,4.322,4.677,4.774,6.606,11.746,0.726,9085.38,profiling/chimera_variant_targets/logs/20260429T154740Z/lotte/0.90/chimera_nolut_nosum/r090_c1_slots1_run1.log
1,lotte,0.90,chimera_nosum,r090_c1,0.909273,0.957455,0.909273,234.137,4.270,4.212,4.376,4.455,10.009,15.831,0.869,9087.38,profiling/chimera_variant_targets/logs/20260429T154740Z/lotte/0.90/chimera_nosum/r090_c1_slots1_run1.log
1,lotte,0.90,v9,r090_c1,0.909263,0.957489,0.909263,543.080,1.841,1.813,1.949,2.018,2.307,8.006,0.291,14165.38,profiling/chimera_variant_targets/logs/20260429T154740Z/lotte/0.90/v9/r090_c1_slots1_run1.log
1,lotte,0.95,chimera,r095_f1,0.950706,0.962811,0.950706,384.008,2.603,2.513,2.749,2.872,5.533,10.211,0.719,9139.38,profiling/chimera_variant_targets/logs/20260429T154740Z/lotte/0.95/chimera/r095_f1_slots1_run1.log
1,lotte,0.95,chimera_nolut,r095_f1,0.950768,0.962845,0.950768,295.576,3.383,3.239,3.609,3.794,9.171,18.606,0.953,9139.38,profiling/chimera_variant_targets/logs/20260429T154740Z/lotte/0.95/chimera_nolut/r095_f1_slots1_run1.log
1,lotte,0.95,chimera_nolut_nosum,r095_f1,0.950699,0.962811,0.950699,169.828,5.887,5.762,6.103,6.246,10.391,19.788,0.851,9139.38,profiling/chimera_variant_targets/logs/20260429T154740Z/lotte/0.95/chimera_nolut_nosum/r095_f1_slots1_run1.log
1,lotte,0.95,chimera_nosum,r095_f1,0.950679,0.96288,0.950679,196.122,5.097,4.992,5.159,5.225,10.864,15.529,0.878,9139.38,profiling/chimera_variant_targets/logs/20260429T154740Z/lotte/0.95/chimera_nosum/r095_f1_slots1_run1.log
1,lotte,0.95,v9,r095_f1,0.950676,0.962845,0.950676,425.368,2.349,2.295,2.541,2.629,2.898,12.594,0.398,14217.38,profiling/chimera_variant_targets/logs/20260429T154740Z/lotte/0.95/v9/r095_f1_slots1_run1.log
1,msmarco,0.90,chimera,r090_b2,0.917327,0.963797,0.917327,503.800,1.985,1.967,2.157,2.226,2.376,6.812,0.161,17995.38,profiling/chimera_variant_targets/logs/20260429T154740Z/msmarco/0.90/chimera/r090_b2_slots1_run1.log
1,msmarco,0.90,chimera_nolut,r090_b2,0.917315,0.963811,0.917315,349.716,2.859,2.811,3.232,3.392,3.711,12.258,0.330,17995.38,profiling/chimera_variant_targets/logs/20260429T154740Z/msmarco/0.90/chimera_nolut/r090_b2_slots1_run1.log
1,msmarco,0.90,chimera_nolut_nosum,r090_b2,0.917307,0.963797,0.917307,280.190,3.569,3.518,3.956,4.109,4.475,10.792,0.361,17995.38,profiling/chimera_variant_targets/logs/20260429T154740Z/msmarco/0.90/chimera_nolut_nosum/r090_b2_slots1_run1.log
1,msmarco,0.90,chimera_nosum,r090_b2,0.917325,0.963825,0.917325,380.961,2.625,2.531,2.763,2.859,5.498,14.943,0.768,17995.38,profiling/chimera_variant_targets/logs/20260429T154740Z/msmarco/0.90/chimera_nosum/r090_b2_slots1_run1.log
1,msmarco,0.90,v9,r090_b2,0.917344,0.963811,0.917344,487.984,2.049,1.970,2.153,2.224,4.383,9.446,0.651,29381.38,profiling/chimera_variant_targets/logs/20260429T154740Z/msmarco/0.90/v9/r090_b2_slots1_run1.log
1,msmarco,0.95,chimera,r095_q2,0.95186,0.965774,0.95186,361.356,2.767,2.727,2.977,3.069,3.313,14.891,0.451,18057.38,profiling/chimera_variant_targets/logs/20260429T154740Z/msmarco/0.95/chimera/r095_q2_slots1_run1.log
1,msmarco,0.95,chimera_nolut,r095_q2,0.951871,0.965774,0.951871,228.059,4.385,4.223,4.873,5.187,11.176,12.631,0.955,18057.38,profiling/chimera_variant_targets/logs/20260429T154740Z/msmarco/0.95/chimera_nolut/r095_q2_slots1_run1.log
1,msmarco,0.95,chimera_nolut_nosum,r095_q2,0.951858,0.965774,0.951858,181.069,5.523,5.380,6.088,6.374,11.547,16.275,0.918,18057.38,profiling/chimera_variant_targets/logs/20260429T154740Z/msmarco/0.95/chimera_nolut_nosum/r095_q2_slots1_run1.log
1,msmarco,0.95,chimera_nosum,r095_q2,0.951881,0.965774,0.951881,262.056,3.816,3.681,4.333,4.561,5.729,15.976,0.610,18057.38,profiling/chimera_variant_targets/logs/20260429T154740Z/msmarco/0.95/chimera_nosum/r095_q2_slots1_run1.log
1,msmarco,0.95,v9,r095_q2,0.951878,0.965774,0.951878,365.062,2.739,2.712,2.954,3.037,3.247,10.569,0.318,29443.38,profiling/chimera_variant_targets/logs/20260429T154740Z/msmarco/0.95/v9/r095_q2_slots1_run1.log
