experiment,system,dataset,target_recall,base_label,label,slots,k,run_index,recall_at_10,recall_at_100,recall,qps,avg_latency_ms,p50_ms,p90_ms,p95_ms,p99_ms,max_ms,stddev_ms,gpu_mem_peak_mib,nprobe,k_rank_cluster,k_rank_all_tokens,itopk_size,overlap_chunks,binary,log,returncode,command,error_tail,effective_concurrent_queries,end_to_end_ms,gpu_mem_current_mib,min_ms,nq,stage3_threads,warmup
chimera_variant_targets,chimera,lotte,0.90,c1,r090_c1_run1,1,100,1,0.957489,0.909311,0.909311,518.977,1.926,1.857,2.078,2.160,4.583,11.424,0.613,,64,2400,240,128,5,gpu_search,/scratch3/workspace/juelinliu_umass_edu-gpu-mvr/gpu-mvr/profiling/chimera_variant_targets/logs/20260429T164347Z/lotte/chimera/targets090_095_slots1_runs3.log,0,/scratch3/workspace/juelinliu_umass_edu-gpu-mvr/gpu-mvr/gpu-mvr/build/gpu_search --query /scratch3/workspace/juelinliu_umass_edu-gpu-mvr/gpu-mvr/dataset/lotte/raw/query.bin --gt /scratch3/workspace/juelinliu_umass_edu-gpu-mvr/gpu-mvr/dataset/lotte/raw/gt.tsv --index /scratch3/workspace/juelinliu_umass_edu-gpu-mvr/gpu-mvr/dataset/lotte/gpu_mvr_2m --k 100 --nq -1 --warmup 5 --concurrent-queries 1 --config-file /scratch3/workspace/juelinliu_umass_edu-gpu-mvr/gpu-mvr/config/tmp/chimera_variant_targets/20260429T164347Z/lotte/chimera/targets090_095_slots1_runs3.csv,,1,5647.653,,1.461,-1,32,5
chimera_variant_targets,chimera,lotte,0.90,c1,r090_c1_run2,1,100,2,0.957421,0.90927,0.90927,493.720,2.024,1.893,2.196,2.305,5.460,16.630,0.850,,64,2400,240,128,5,gpu_search,/scratch3/workspace/juelinliu_umass_edu-gpu-mvr/gpu-mvr/profiling/chimera_variant_targets/logs/20260429T164347Z/lotte/chimera/targets090_095_slots1_runs3.log,0,/scratch3/workspace/juelinliu_umass_edu-gpu-mvr/gpu-mvr/gpu-mvr/build/gpu_search --query /scratch3/workspace/juelinliu_umass_edu-gpu-mvr/gpu-mvr/dataset/lotte/raw/query.bin --gt /scratch3/workspace/juelinliu_umass_edu-gpu-mvr/gpu-mvr/dataset/lotte/raw/gt.tsv --index /scratch3/workspace/juelinliu_umass_edu-gpu-mvr/gpu-mvr/dataset/lotte/gpu_mvr_2m --k 100 --nq -1 --warmup 5 --concurrent-queries 1 --config-file /scratch3/workspace/juelinliu_umass_edu-gpu-mvr/gpu-mvr/config/tmp/chimera_variant_targets/20260429T164347Z/lotte/chimera/targets090_095_slots1_runs3.csv,,1,5936.565,,1.576,-1,32,5
chimera_variant_targets,chimera,lotte,0.90,c1,r090_c1_run3,1,100,3,0.957455,0.909273,0.909273,533.153,1.875,1.828,2.039,2.126,3.013,6.117,0.323,,64,2400,240,128,5,gpu_search,/scratch3/workspace/juelinliu_umass_edu-gpu-mvr/gpu-mvr/profiling/chimera_variant_targets/logs/20260429T164347Z/lotte/chimera/targets090_095_slots1_runs3.log,0,/scratch3/workspace/juelinliu_umass_edu-gpu-mvr/gpu-mvr/gpu-mvr/build/gpu_search --query /scratch3/workspace/juelinliu_umass_edu-gpu-mvr/gpu-mvr/dataset/lotte/raw/query.bin --gt /scratch3/workspace/juelinliu_umass_edu-gpu-mvr/gpu-mvr/dataset/lotte/raw/gt.tsv --index /scratch3/workspace/juelinliu_umass_edu-gpu-mvr/gpu-mvr/dataset/lotte/gpu_mvr_2m --k 100 --nq -1 --warmup 5 --concurrent-queries 1 --config-file /scratch3/workspace/juelinliu_umass_edu-gpu-mvr/gpu-mvr/config/tmp/chimera_variant_targets/20260429T164347Z/lotte/chimera/targets090_095_slots1_runs3.csv,,1,5497.479,,1.530,-1,32,5
chimera_variant_targets,chimera,lotte,0.95,f1,r095_f1_run1,1,100,1,0.962845,0.950689,0.950689,424.090,2.358,2.324,2.503,2.593,2.910,7.680,0.284,,128,4000,400,192,5,gpu_search,/scratch3/workspace/juelinliu_umass_edu-gpu-mvr/gpu-mvr/profiling/chimera_variant_targets/logs/20260429T164347Z/lotte/chimera/targets090_095_slots1_runs3.log,0,/scratch3/workspace/juelinliu_umass_edu-gpu-mvr/gpu-mvr/gpu-mvr/build/gpu_search --query /scratch3/workspace/juelinliu_umass_edu-gpu-mvr/gpu-mvr/dataset/lotte/raw/query.bin --gt /scratch3/workspace/juelinliu_umass_edu-gpu-mvr/gpu-mvr/dataset/lotte/raw/gt.tsv --index /scratch3/workspace/juelinliu_umass_edu-gpu-mvr/gpu-mvr/dataset/lotte/gpu_mvr_2m --k 100 --nq -1 --warmup 5 --concurrent-queries 1 --config-file /scratch3/workspace/juelinliu_umass_edu-gpu-mvr/gpu-mvr/config/tmp/chimera_variant_targets/20260429T164347Z/lotte/chimera/targets090_095_slots1_runs3.csv,,1,6911.273,,1.925,-1,32,5
chimera_variant_targets,chimera,lotte,0.95,f1,r095_f1_run2,1,100,2,0.962845,0.95071,0.95071,414.216,2.414,2.380,2.563,2.633,2.859,15.772,0.485,,128,4000,400,192,5,gpu_search,/scratch3/workspace/juelinliu_umass_edu-gpu-mvr/gpu-mvr/profiling/chimera_variant_targets/logs/20260429T164347Z/lotte/chimera/targets090_095_slots1_runs3.log,0,/scratch3/workspace/juelinliu_umass_edu-gpu-mvr/gpu-mvr/gpu-mvr/build/gpu_search --query /scratch3/workspace/juelinliu_umass_edu-gpu-mvr/gpu-mvr/dataset/lotte/raw/query.bin --gt /scratch3/workspace/juelinliu_umass_edu-gpu-mvr/gpu-mvr/dataset/lotte/raw/gt.tsv --index /scratch3/workspace/juelinliu_umass_edu-gpu-mvr/gpu-mvr/dataset/lotte/gpu_mvr_2m --k 100 --nq -1 --warmup 5 --concurrent-queries 1 --config-file /scratch3/workspace/juelinliu_umass_edu-gpu-mvr/gpu-mvr/config/tmp/chimera_variant_targets/20260429T164347Z/lotte/chimera/targets090_095_slots1_runs3.csv,,1,7076.019,,1.906,-1,32,5
chimera_variant_targets,chimera,lotte,0.95,f1,r095_f1_run3,1,100,3,0.962845,0.95073,0.95073,409.222,2.443,2.387,2.624,2.724,3.201,10.723,0.487,9139.38,128,4000,400,192,5,gpu_search,/scratch3/workspace/juelinliu_umass_edu-gpu-mvr/gpu-mvr/profiling/chimera_variant_targets/logs/20260429T164347Z/lotte/chimera/targets090_095_slots1_runs3.log,0,/scratch3/workspace/juelinliu_umass_edu-gpu-mvr/gpu-mvr/gpu-mvr/build/gpu_search --query /scratch3/workspace/juelinliu_umass_edu-gpu-mvr/gpu-mvr/dataset/lotte/raw/query.bin --gt /scratch3/workspace/juelinliu_umass_edu-gpu-mvr/gpu-mvr/dataset/lotte/raw/gt.tsv --index /scratch3/workspace/juelinliu_umass_edu-gpu-mvr/gpu-mvr/dataset/lotte/gpu_mvr_2m --k 100 --nq -1 --warmup 5 --concurrent-queries 1 --config-file /scratch3/workspace/juelinliu_umass_edu-gpu-mvr/gpu-mvr/config/tmp/chimera_variant_targets/20260429T164347Z/lotte/chimera/targets090_095_slots1_runs3.csv,,1,7162.379,9139.38,1.905,-1,32,5
chimera_variant_targets,chimera_nolut,lotte,0.90,c1,r090_c1_run1,1,100,1,0.957489,0.909287,0.909287,445.212,2.245,2.141,2.363,2.486,6.227,10.782,0.753,,64,2400,240,128,5,gpu_search_nolut,/scratch3/workspace/juelinliu_umass_edu-gpu-mvr/gpu-mvr/profiling/chimera_variant_targets/logs/20260429T164347Z/lotte/chimera_nolut/targets090_095_slots1_runs3.log,0,/scratch3/workspace/juelinliu_umass_edu-gpu-mvr/gpu-mvr/gpu-mvr/build/gpu_search_nolut --query /scratch3/workspace/juelinliu_umass_edu-gpu-mvr/gpu-mvr/dataset/lotte/raw/query.bin --gt /scratch3/workspace/juelinliu_umass_edu-gpu-mvr/gpu-mvr/dataset/lotte/raw/gt.tsv --index /scratch3/workspace/juelinliu_umass_edu-gpu-mvr/gpu-mvr/dataset/lotte/gpu_mvr_2m --k 100 --nq -1 --warmup 5 --concurrent-queries 1 --config-file /scratch3/workspace/juelinliu_umass_edu-gpu-mvr/gpu-mvr/config/tmp/chimera_variant_targets/20260429T164347Z/lotte/chimera_nolut/targets090_095_slots1_runs3.csv,,1,6583.386,,1.673,-1,32,5
chimera_variant_targets,chimera_nolut,lotte,0.90,c1,r090_c1_run2,1,100,2,0.957455,0.909287,0.909287,443.922,2.252,2.148,2.372,2.488,5.928,14.884,0.793,,64,2400,240,128,5,gpu_search_nolut,/scratch3/workspace/juelinliu_umass_edu-gpu-mvr/gpu-mvr/profiling/chimera_variant_targets/logs/20260429T164347Z/lotte/chimera_nolut/targets090_095_slots1_runs3.log,0,/scratch3/workspace/juelinliu_umass_edu-gpu-mvr/gpu-mvr/gpu-mvr/build/gpu_search_nolut --query /scratch3/workspace/juelinliu_umass_edu-gpu-mvr/gpu-mvr/dataset/lotte/raw/query.bin --gt /scratch3/workspace/juelinliu_umass_edu-gpu-mvr/gpu-mvr/dataset/lotte/raw/gt.tsv --index /scratch3/workspace/juelinliu_umass_edu-gpu-mvr/gpu-mvr/dataset/lotte/gpu_mvr_2m --k 100 --nq -1 --warmup 5 --concurrent-queries 1 --config-file /scratch3/workspace/juelinliu_umass_edu-gpu-mvr/gpu-mvr/config/tmp/chimera_variant_targets/20260429T164347Z/lotte/chimera_nolut/targets090_095_slots1_runs3.csv,,1,6602.509,,1.733,-1,32,5
chimera_variant_targets,chimera_nolut,lotte,0.90,c1,r090_c1_run3,1,100,3,0.957455,0.909277,0.909277,490.754,2.037,2.013,2.178,2.244,2.477,6.214,0.209,,64,2400,240,128,5,gpu_search_nolut,/scratch3/workspace/juelinliu_umass_edu-gpu-mvr/gpu-mvr/profiling/chimera_variant_targets/logs/20260429T164347Z/lotte/chimera_nolut/targets090_095_slots1_runs3.log,0,/scratch3/workspace/juelinliu_umass_edu-gpu-mvr/gpu-mvr/gpu-mvr/build/gpu_search_nolut --query /scratch3/workspace/juelinliu_umass_edu-gpu-mvr/gpu-mvr/dataset/lotte/raw/query.bin --gt /scratch3/workspace/juelinliu_umass_edu-gpu-mvr/gpu-mvr/dataset/lotte/raw/gt.tsv --index /scratch3/workspace/juelinliu_umass_edu-gpu-mvr/gpu-mvr/dataset/lotte/gpu_mvr_2m --k 100 --nq -1 --warmup 5 --concurrent-queries 1 --config-file /scratch3/workspace/juelinliu_umass_edu-gpu-mvr/gpu-mvr/config/tmp/chimera_variant_targets/20260429T164347Z/lotte/chimera_nolut/targets090_095_slots1_runs3.csv,,1,5972.440,,1.738,-1,32,5
chimera_variant_targets,chimera_nolut,lotte,0.95,f1,r095_f1_run1,1,100,1,0.962845,0.950682,0.950682,306.064,3.267,3.155,3.472,3.606,7.694,15.405,0.812,,128,4000,400,192,5,gpu_search_nolut,/scratch3/workspace/juelinliu_umass_edu-gpu-mvr/gpu-mvr/profiling/chimera_variant_targets/logs/20260429T164347Z/lotte/chimera_nolut/targets090_095_slots1_runs3.log,0,/scratch3/workspace/juelinliu_umass_edu-gpu-mvr/gpu-mvr/gpu-mvr/build/gpu_search_nolut --query /scratch3/workspace/juelinliu_umass_edu-gpu-mvr/gpu-mvr/dataset/lotte/raw/query.bin --gt /scratch3/workspace/juelinliu_umass_edu-gpu-mvr/gpu-mvr/dataset/lotte/raw/gt.tsv --index /scratch3/workspace/juelinliu_umass_edu-gpu-mvr/gpu-mvr/dataset/lotte/gpu_mvr_2m --k 100 --nq -1 --warmup 5 --concurrent-queries 1 --config-file /scratch3/workspace/juelinliu_umass_edu-gpu-mvr/gpu-mvr/config/tmp/chimera_variant_targets/20260429T164347Z/lotte/chimera_nolut/targets090_095_slots1_runs3.csv,,1,9576.429,,2.460,-1,32,5
chimera_variant_targets,chimera_nolut,lotte,0.95,f1,r095_f1_run2,1,100,2,0.962845,0.950713,0.950713,321.998,3.105,3.080,3.354,3.458,3.739,8.227,0.257,,128,4000,400,192,5,gpu_search_nolut,/scratch3/workspace/juelinliu_umass_edu-gpu-mvr/gpu-mvr/profiling/chimera_variant_targets/logs/20260429T164347Z/lotte/chimera_nolut/targets090_095_slots1_runs3.log,0,/scratch3/workspace/juelinliu_umass_edu-gpu-mvr/gpu-mvr/gpu-mvr/build/gpu_search_nolut --query /scratch3/workspace/juelinliu_umass_edu-gpu-mvr/gpu-mvr/dataset/lotte/raw/query.bin --gt /scratch3/workspace/juelinliu_umass_edu-gpu-mvr/gpu-mvr/dataset/lotte/raw/gt.tsv --index /scratch3/workspace/juelinliu_umass_edu-gpu-mvr/gpu-mvr/dataset/lotte/gpu_mvr_2m --k 100 --nq -1 --warmup 5 --concurrent-queries 1 --config-file /scratch3/workspace/juelinliu_umass_edu-gpu-mvr/gpu-mvr/config/tmp/chimera_variant_targets/20260429T164347Z/lotte/chimera_nolut/targets090_095_slots1_runs3.csv,,1,9102.542,,2.523,-1,32,5
chimera_variant_targets,chimera_nolut,lotte,0.95,f1,r095_f1_run3,1,100,3,0.962845,0.950713,0.950713,319.220,3.132,3.075,3.344,3.432,3.988,9.150,0.468,9139.38,128,4000,400,192,5,gpu_search_nolut,/scratch3/workspace/juelinliu_umass_edu-gpu-mvr/gpu-mvr/profiling/chimera_variant_targets/logs/20260429T164347Z/lotte/chimera_nolut/targets090_095_slots1_runs3.log,0,/scratch3/workspace/juelinliu_umass_edu-gpu-mvr/gpu-mvr/gpu-mvr/build/gpu_search_nolut --query /scratch3/workspace/juelinliu_umass_edu-gpu-mvr/gpu-mvr/dataset/lotte/raw/query.bin --gt /scratch3/workspace/juelinliu_umass_edu-gpu-mvr/gpu-mvr/dataset/lotte/raw/gt.tsv --index /scratch3/workspace/juelinliu_umass_edu-gpu-mvr/gpu-mvr/dataset/lotte/gpu_mvr_2m --k 100 --nq -1 --warmup 5 --concurrent-queries 1 --config-file /scratch3/workspace/juelinliu_umass_edu-gpu-mvr/gpu-mvr/config/tmp/chimera_variant_targets/20260429T164347Z/lotte/chimera_nolut/targets090_095_slots1_runs3.csv,,1,9181.743,9139.38,2.433,-1,32,5
chimera_variant_targets,chimera_nosum,lotte,0.90,c1,r090_c1_run1,1,100,1,0.957489,0.90927,0.90927,233.531,4.281,4.201,4.369,4.446,10.478,19.295,1.028,,64,2400,240,128,5,gpu_search_nosum,/scratch3/workspace/juelinliu_umass_edu-gpu-mvr/gpu-mvr/profiling/chimera_variant_targets/logs/20260429T164347Z/lotte/chimera_nosum/targets090_095_slots1_runs3.log,0,/scratch3/workspace/juelinliu_umass_edu-gpu-mvr/gpu-mvr/gpu-mvr/build/gpu_search_nosum --query /scratch3/workspace/juelinliu_umass_edu-gpu-mvr/gpu-mvr/dataset/lotte/raw/query.bin --gt /scratch3/workspace/juelinliu_umass_edu-gpu-mvr/gpu-mvr/dataset/lotte/raw/gt.tsv --index /scratch3/workspace/juelinliu_umass_edu-gpu-mvr/gpu-mvr/dataset/lotte/gpu_mvr_2m --k 100 --nq -1 --warmup 5 --concurrent-queries 1 --config-file /scratch3/workspace/juelinliu_umass_edu-gpu-mvr/gpu-mvr/config/tmp/chimera_variant_targets/20260429T164347Z/lotte/chimera_nosum/targets090_095_slots1_runs3.csv,,1,12550.799,,2.543,-1,32,5
chimera_variant_targets,chimera_nosum,lotte,0.90,c1,r090_c1_run2,1,100,2,0.957489,0.909277,0.909277,242.238,4.128,4.163,4.330,4.379,4.812,8.908,0.333,,64,2400,240,128,5,gpu_search_nosum,/scratch3/workspace/juelinliu_umass_edu-gpu-mvr/gpu-mvr/profiling/chimera_variant_targets/logs/20260429T164347Z/lotte/chimera_nosum/targets090_095_slots1_runs3.log,0,/scratch3/workspace/juelinliu_umass_edu-gpu-mvr/gpu-mvr/gpu-mvr/build/gpu_search_nosum --query /scratch3/workspace/juelinliu_umass_edu-gpu-mvr/gpu-mvr/dataset/lotte/raw/query.bin --gt /scratch3/workspace/juelinliu_umass_edu-gpu-mvr/gpu-mvr/dataset/lotte/raw/gt.tsv --index /scratch3/workspace/juelinliu_umass_edu-gpu-mvr/gpu-mvr/dataset/lotte/gpu_mvr_2m --k 100 --nq -1 --warmup 5 --concurrent-queries 1 --config-file /scratch3/workspace/juelinliu_umass_edu-gpu-mvr/gpu-mvr/config/tmp/chimera_variant_targets/20260429T164347Z/lotte/chimera_nosum/targets090_095_slots1_runs3.csv,,1,12099.675,,2.556,-1,32,5
chimera_variant_targets,chimera_nosum,lotte,0.90,c1,r090_c1_run3,1,100,3,0.957455,0.909321,0.909321,239.811,4.169,4.161,4.312,4.365,6.826,15.413,0.622,,64,2400,240,128,5,gpu_search_nosum,/scratch3/workspace/juelinliu_umass_edu-gpu-mvr/gpu-mvr/profiling/chimera_variant_targets/logs/20260429T164347Z/lotte/chimera_nosum/targets090_095_slots1_runs3.log,0,/scratch3/workspace/juelinliu_umass_edu-gpu-mvr/gpu-mvr/gpu-mvr/build/gpu_search_nosum --query /scratch3/workspace/juelinliu_umass_edu-gpu-mvr/gpu-mvr/dataset/lotte/raw/query.bin --gt /scratch3/workspace/juelinliu_umass_edu-gpu-mvr/gpu-mvr/dataset/lotte/raw/gt.tsv --index /scratch3/workspace/juelinliu_umass_edu-gpu-mvr/gpu-mvr/dataset/lotte/gpu_mvr_2m --k 100 --nq -1 --warmup 5 --concurrent-queries 1 --config-file /scratch3/workspace/juelinliu_umass_edu-gpu-mvr/gpu-mvr/config/tmp/chimera_variant_targets/20260429T164347Z/lotte/chimera_nosum/targets090_095_slots1_runs3.csv,,1,12222.137,,2.537,-1,32,5
chimera_variant_targets,chimera_nosum,lotte,0.95,f1,r095_f1_run1,1,100,1,0.962845,0.950658,0.950658,200.322,4.992,4.975,5.128,5.179,7.146,9.490,0.354,,128,4000,400,192,5,gpu_search_nosum,/scratch3/workspace/juelinliu_umass_edu-gpu-mvr/gpu-mvr/profiling/chimera_variant_targets/logs/20260429T164347Z/lotte/chimera_nosum/targets090_095_slots1_runs3.log,0,/scratch3/workspace/juelinliu_umass_edu-gpu-mvr/gpu-mvr/gpu-mvr/build/gpu_search_nosum --query /scratch3/workspace/juelinliu_umass_edu-gpu-mvr/gpu-mvr/dataset/lotte/raw/query.bin --gt /scratch3/workspace/juelinliu_umass_edu-gpu-mvr/gpu-mvr/dataset/lotte/raw/gt.tsv --index /scratch3/workspace/juelinliu_umass_edu-gpu-mvr/gpu-mvr/dataset/lotte/gpu_mvr_2m --k 100 --nq -1 --warmup 5 --concurrent-queries 1 --config-file /scratch3/workspace/juelinliu_umass_edu-gpu-mvr/gpu-mvr/config/tmp/chimera_variant_targets/20260429T164347Z/lotte/chimera_nosum/targets090_095_slots1_runs3.csv,,1,14631.458,,4.138,-1,32,5
chimera_variant_targets,chimera_nosum,lotte,0.95,f1,r095_f1_run2,1,100,2,0.962811,0.950628,0.950628,202.334,4.942,4.945,5.081,5.130,5.289,11.864,0.301,,128,4000,400,192,5,gpu_search_nosum,/scratch3/workspace/juelinliu_umass_edu-gpu-mvr/gpu-mvr/profiling/chimera_variant_targets/logs/20260429T164347Z/lotte/chimera_nosum/targets090_095_slots1_runs3.log,0,/scratch3/workspace/juelinliu_umass_edu-gpu-mvr/gpu-mvr/gpu-mvr/build/gpu_search_nosum --query /scratch3/workspace/juelinliu_umass_edu-gpu-mvr/gpu-mvr/dataset/lotte/raw/query.bin --gt /scratch3/workspace/juelinliu_umass_edu-gpu-mvr/gpu-mvr/dataset/lotte/raw/gt.tsv --index /scratch3/workspace/juelinliu_umass_edu-gpu-mvr/gpu-mvr/dataset/lotte/gpu_mvr_2m --k 100 --nq -1 --warmup 5 --concurrent-queries 1 --config-file /scratch3/workspace/juelinliu_umass_edu-gpu-mvr/gpu-mvr/config/tmp/chimera_variant_targets/20260429T164347Z/lotte/chimera_nosum/targets090_095_slots1_runs3.csv,,1,14485.929,,4.149,-1,32,5
chimera_variant_targets,chimera_nosum,lotte,0.95,f1,r095_f1_run3,1,100,3,0.962811,0.950696,0.950696,203.289,4.919,4.933,5.077,5.123,5.230,8.060,0.191,9139.38,128,4000,400,192,5,gpu_search_nosum,/scratch3/workspace/juelinliu_umass_edu-gpu-mvr/gpu-mvr/profiling/chimera_variant_targets/logs/20260429T164347Z/lotte/chimera_nosum/targets090_095_slots1_runs3.log,0,/scratch3/workspace/juelinliu_umass_edu-gpu-mvr/gpu-mvr/gpu-mvr/build/gpu_search_nosum --query /scratch3/workspace/juelinliu_umass_edu-gpu-mvr/gpu-mvr/dataset/lotte/raw/query.bin --gt /scratch3/workspace/juelinliu_umass_edu-gpu-mvr/gpu-mvr/dataset/lotte/raw/gt.tsv --index /scratch3/workspace/juelinliu_umass_edu-gpu-mvr/gpu-mvr/dataset/lotte/gpu_mvr_2m --k 100 --nq -1 --warmup 5 --concurrent-queries 1 --config-file /scratch3/workspace/juelinliu_umass_edu-gpu-mvr/gpu-mvr/config/tmp/chimera_variant_targets/20260429T164347Z/lotte/chimera_nosum/targets090_095_slots1_runs3.csv,,1,14417.911,9139.38,4.067,-1,32,5
chimera_variant_targets,chimera_nolut_nosum,lotte,0.90,c1,r090_c1_run1,1,100,1,0.957489,0.909246,0.909246,227.459,4.395,4.338,4.688,4.787,9.263,18.356,0.887,,64,2400,240,128,5,gpu_search_nolut_nosum,/scratch3/workspace/juelinliu_umass_edu-gpu-mvr/gpu-mvr/profiling/chimera_variant_targets/logs/20260429T164347Z/lotte/chimera_nolut_nosum/targets090_095_slots1_runs3.log,0,/scratch3/workspace/juelinliu_umass_edu-gpu-mvr/gpu-mvr/gpu-mvr/build/gpu_search_nolut_nosum --query /scratch3/workspace/juelinliu_umass_edu-gpu-mvr/gpu-mvr/dataset/lotte/raw/query.bin --gt /scratch3/workspace/juelinliu_umass_edu-gpu-mvr/gpu-mvr/dataset/lotte/raw/gt.tsv --index /scratch3/workspace/juelinliu_umass_edu-gpu-mvr/gpu-mvr/dataset/lotte/gpu_mvr_2m --k 100 --nq -1 --warmup 5 --concurrent-queries 1 --config-file /scratch3/workspace/juelinliu_umass_edu-gpu-mvr/gpu-mvr/config/tmp/chimera_variant_targets/20260429T164347Z/lotte/chimera_nolut_nosum/targets090_095_slots1_runs3.csv,,1,12885.829,,2.974,-1,32,5
chimera_variant_targets,chimera_nolut_nosum,lotte,0.90,c1,r090_c1_run2,1,100,2,0.957523,0.909307,0.909307,230.583,4.336,4.345,4.704,4.793,5.916,14.978,0.492,,64,2400,240,128,5,gpu_search_nolut_nosum,/scratch3/workspace/juelinliu_umass_edu-gpu-mvr/gpu-mvr/profiling/chimera_variant_targets/logs/20260429T164347Z/lotte/chimera_nolut_nosum/targets090_095_slots1_runs3.log,0,/scratch3/workspace/juelinliu_umass_edu-gpu-mvr/gpu-mvr/gpu-mvr/build/gpu_search_nolut_nosum --query /scratch3/workspace/juelinliu_umass_edu-gpu-mvr/gpu-mvr/dataset/lotte/raw/query.bin --gt /scratch3/workspace/juelinliu_umass_edu-gpu-mvr/gpu-mvr/dataset/lotte/raw/gt.tsv --index /scratch3/workspace/juelinliu_umass_edu-gpu-mvr/gpu-mvr/dataset/lotte/gpu_mvr_2m --k 100 --nq -1 --warmup 5 --concurrent-queries 1 --config-file /scratch3/workspace/juelinliu_umass_edu-gpu-mvr/gpu-mvr/config/tmp/chimera_variant_targets/20260429T164347Z/lotte/chimera_nolut_nosum/targets090_095_slots1_runs3.csv,,1,12711.233,,2.956,-1,32,5
chimera_variant_targets,chimera_nolut_nosum,lotte,0.90,c1,r090_c1_run3,1,100,3,0.957455,0.909324,0.909324,231.828,4.313,4.308,4.664,4.756,6.506,13.956,0.558,,64,2400,240,128,5,gpu_search_nolut_nosum,/scratch3/workspace/juelinliu_umass_edu-gpu-mvr/gpu-mvr/profiling/chimera_variant_targets/logs/20260429T164347Z/lotte/chimera_nolut_nosum/targets090_095_slots1_runs3.log,0,/scratch3/workspace/juelinliu_umass_edu-gpu-mvr/gpu-mvr/gpu-mvr/build/gpu_search_nolut_nosum --query /scratch3/workspace/juelinliu_umass_edu-gpu-mvr/gpu-mvr/dataset/lotte/raw/query.bin --gt /scratch3/workspace/juelinliu_umass_edu-gpu-mvr/gpu-mvr/dataset/lotte/raw/gt.tsv --index /scratch3/workspace/juelinliu_umass_edu-gpu-mvr/gpu-mvr/dataset/lotte/gpu_mvr_2m --k 100 --nq -1 --warmup 5 --concurrent-queries 1 --config-file /scratch3/workspace/juelinliu_umass_edu-gpu-mvr/gpu-mvr/config/tmp/chimera_variant_targets/20260429T164347Z/lotte/chimera_nolut_nosum/targets090_095_slots1_runs3.csv,,1,12642.995,,2.928,-1,32,5
chimera_variant_targets,chimera_nolut_nosum,lotte,0.95,f1,r095_f1_run1,1,100,1,0.962811,0.950676,0.950676,173.547,5.762,5.731,6.053,6.155,6.471,9.986,0.313,,128,4000,400,192,5,gpu_search_nolut_nosum,/scratch3/workspace/juelinliu_umass_edu-gpu-mvr/gpu-mvr/profiling/chimera_variant_targets/logs/20260429T164347Z/lotte/chimera_nolut_nosum/targets090_095_slots1_runs3.log,0,/scratch3/workspace/juelinliu_umass_edu-gpu-mvr/gpu-mvr/gpu-mvr/build/gpu_search_nolut_nosum --query /scratch3/workspace/juelinliu_umass_edu-gpu-mvr/gpu-mvr/dataset/lotte/raw/query.bin --gt /scratch3/workspace/juelinliu_umass_edu-gpu-mvr/gpu-mvr/dataset/lotte/raw/gt.tsv --index /scratch3/workspace/juelinliu_umass_edu-gpu-mvr/gpu-mvr/dataset/lotte/gpu_mvr_2m --k 100 --nq -1 --warmup 5 --concurrent-queries 1 --config-file /scratch3/workspace/juelinliu_umass_edu-gpu-mvr/gpu-mvr/config/tmp/chimera_variant_targets/20260429T164347Z/lotte/chimera_nolut_nosum/targets090_095_slots1_runs3.csv,,1,16888.789,,4.881,-1,32,5
chimera_variant_targets,chimera_nolut_nosum,lotte,0.95,f1,r095_f1_run2,1,100,2,0.96288,0.950716,0.950716,172.459,5.798,5.727,6.041,6.147,7.977,19.701,0.710,,128,4000,400,192,5,gpu_search_nolut_nosum,/scratch3/workspace/juelinliu_umass_edu-gpu-mvr/gpu-mvr/profiling/chimera_variant_targets/logs/20260429T164347Z/lotte/chimera_nolut_nosum/targets090_095_slots1_runs3.log,0,/scratch3/workspace/juelinliu_umass_edu-gpu-mvr/gpu-mvr/gpu-mvr/build/gpu_search_nolut_nosum --query /scratch3/workspace/juelinliu_umass_edu-gpu-mvr/gpu-mvr/dataset/lotte/raw/query.bin --gt /scratch3/workspace/juelinliu_umass_edu-gpu-mvr/gpu-mvr/dataset/lotte/raw/gt.tsv --index /scratch3/workspace/juelinliu_umass_edu-gpu-mvr/gpu-mvr/dataset/lotte/gpu_mvr_2m --k 100 --nq -1 --warmup 5 --concurrent-queries 1 --config-file /scratch3/workspace/juelinliu_umass_edu-gpu-mvr/gpu-mvr/config/tmp/chimera_variant_targets/20260429T164347Z/lotte/chimera_nolut_nosum/targets090_095_slots1_runs3.csv,,1,16995.374,,4.474,-1,32,5
chimera_variant_targets,chimera_nolut_nosum,lotte,0.95,f1,r095_f1_run3,1,100,3,0.962845,0.950716,0.950716,172.990,5.780,5.726,6.057,6.170,8.099,11.433,0.457,9139.38,128,4000,400,192,5,gpu_search_nolut_nosum,/scratch3/workspace/juelinliu_umass_edu-gpu-mvr/gpu-mvr/profiling/chimera_variant_targets/logs/20260429T164347Z/lotte/chimera_nolut_nosum/targets090_095_slots1_runs3.log,0,/scratch3/workspace/juelinliu_umass_edu-gpu-mvr/gpu-mvr/gpu-mvr/build/gpu_search_nolut_nosum --query /scratch3/workspace/juelinliu_umass_edu-gpu-mvr/gpu-mvr/dataset/lotte/raw/query.bin --gt /scratch3/workspace/juelinliu_umass_edu-gpu-mvr/gpu-mvr/dataset/lotte/raw/gt.tsv --index /scratch3/workspace/juelinliu_umass_edu-gpu-mvr/gpu-mvr/dataset/lotte/gpu_mvr_2m --k 100 --nq -1 --warmup 5 --concurrent-queries 1 --config-file /scratch3/workspace/juelinliu_umass_edu-gpu-mvr/gpu-mvr/config/tmp/chimera_variant_targets/20260429T164347Z/lotte/chimera_nolut_nosum/targets090_095_slots1_runs3.csv,,1,16943.173,9139.38,4.468,-1,32,5
chimera_variant_targets,v9,lotte,0.90,c1,r090_c1_run1,1,100,1,0.957421,0.909253,0.909253,522.321,1.914,1.846,2.015,2.102,4.379,11.849,0.624,,64,2400,240,128,5,gpu_search_v9,/scratch3/workspace/juelinliu_umass_edu-gpu-mvr/gpu-mvr/profiling/chimera_variant_targets/logs/20260429T164347Z/lotte/v9/targets090_095_slots1_runs3.log,0,/scratch3/workspace/juelinliu_umass_edu-gpu-mvr/gpu-mvr/gpu-mvr/build/gpu_search_v9 --query /scratch3/workspace/juelinliu_umass_edu-gpu-mvr/gpu-mvr/dataset/lotte/raw/query.bin --gt /scratch3/workspace/juelinliu_umass_edu-gpu-mvr/gpu-mvr/dataset/lotte/raw/gt.tsv --index /scratch3/workspace/juelinliu_umass_edu-gpu-mvr/gpu-mvr/dataset/lotte/gpu_mvr_2m --k 100 --nq -1 --warmup 5 --concurrent-queries 1 --config-file /scratch3/workspace/juelinliu_umass_edu-gpu-mvr/gpu-mvr/config/tmp/chimera_variant_targets/20260429T164347Z/lotte/v9/targets090_095_slots1_runs3.csv,,1,5611.487,,1.480,-1,32,5
chimera_variant_targets,v9,lotte,0.90,c1,r090_c1_run2,1,100,2,0.957489,0.909273,0.909273,509.918,1.961,1.884,2.091,2.184,4.741,9.460,0.618,,64,2400,240,128,5,gpu_search_v9,/scratch3/workspace/juelinliu_umass_edu-gpu-mvr/gpu-mvr/profiling/chimera_variant_targets/logs/20260429T164347Z/lotte/v9/targets090_095_slots1_runs3.log,0,/scratch3/workspace/juelinliu_umass_edu-gpu-mvr/gpu-mvr/gpu-mvr/build/gpu_search_v9 --query /scratch3/workspace/juelinliu_umass_edu-gpu-mvr/gpu-mvr/dataset/lotte/raw/query.bin --gt /scratch3/workspace/juelinliu_umass_edu-gpu-mvr/gpu-mvr/dataset/lotte/raw/gt.tsv --index /scratch3/workspace/juelinliu_umass_edu-gpu-mvr/gpu-mvr/dataset/lotte/gpu_mvr_2m --k 100 --nq -1 --warmup 5 --concurrent-queries 1 --config-file /scratch3/workspace/juelinliu_umass_edu-gpu-mvr/gpu-mvr/config/tmp/chimera_variant_targets/20260429T164347Z/lotte/v9/targets090_095_slots1_runs3.csv,,1,5747.985,,1.491,-1,32,5
chimera_variant_targets,v9,lotte,0.90,c1,r090_c1_run3,1,100,3,0.957455,0.909294,0.909294,566.676,1.764,1.748,1.885,1.947,2.101,10.048,0.254,,64,2400,240,128,5,gpu_search_v9,/scratch3/workspace/juelinliu_umass_edu-gpu-mvr/gpu-mvr/profiling/chimera_variant_targets/logs/20260429T164347Z/lotte/v9/targets090_095_slots1_runs3.log,0,/scratch3/workspace/juelinliu_umass_edu-gpu-mvr/gpu-mvr/gpu-mvr/build/gpu_search_v9 --query /scratch3/workspace/juelinliu_umass_edu-gpu-mvr/gpu-mvr/dataset/lotte/raw/query.bin --gt /scratch3/workspace/juelinliu_umass_edu-gpu-mvr/gpu-mvr/dataset/lotte/raw/gt.tsv --index /scratch3/workspace/juelinliu_umass_edu-gpu-mvr/gpu-mvr/dataset/lotte/gpu_mvr_2m --k 100 --nq -1 --warmup 5 --concurrent-queries 1 --config-file /scratch3/workspace/juelinliu_umass_edu-gpu-mvr/gpu-mvr/config/tmp/chimera_variant_targets/20260429T164347Z/lotte/v9/targets090_095_slots1_runs3.csv,,1,5172.272,,1.440,-1,32,5
chimera_variant_targets,v9,lotte,0.95,f1,r095_f1_run1,1,100,1,0.962811,0.950699,0.950699,412.590,2.423,2.338,2.635,2.718,5.244,14.151,0.706,,128,4000,400,192,5,gpu_search_v9,/scratch3/workspace/juelinliu_umass_edu-gpu-mvr/gpu-mvr/profiling/chimera_variant_targets/logs/20260429T164347Z/lotte/v9/targets090_095_slots1_runs3.log,0,/scratch3/workspace/juelinliu_umass_edu-gpu-mvr/gpu-mvr/gpu-mvr/build/gpu_search_v9 --query /scratch3/workspace/juelinliu_umass_edu-gpu-mvr/gpu-mvr/dataset/lotte/raw/query.bin --gt /scratch3/workspace/juelinliu_umass_edu-gpu-mvr/gpu-mvr/dataset/lotte/raw/gt.tsv --index /scratch3/workspace/juelinliu_umass_edu-gpu-mvr/gpu-mvr/dataset/lotte/gpu_mvr_2m --k 100 --nq -1 --warmup 5 --concurrent-queries 1 --config-file /scratch3/workspace/juelinliu_umass_edu-gpu-mvr/gpu-mvr/config/tmp/chimera_variant_targets/20260429T164347Z/lotte/v9/targets090_095_slots1_runs3.csv,,1,7103.903,,1.873,-1,32,5
chimera_variant_targets,v9,lotte,0.95,f1,r095_f1_run2,1,100,2,0.962845,0.950658,0.950658,418.050,2.392,2.344,2.582,2.682,4.607,8.315,0.405,,128,4000,400,192,5,gpu_search_v9,/scratch3/workspace/juelinliu_umass_edu-gpu-mvr/gpu-mvr/profiling/chimera_variant_targets/logs/20260429T164347Z/lotte/v9/targets090_095_slots1_runs3.log,0,/scratch3/workspace/juelinliu_umass_edu-gpu-mvr/gpu-mvr/gpu-mvr/build/gpu_search_v9 --query /scratch3/workspace/juelinliu_umass_edu-gpu-mvr/gpu-mvr/dataset/lotte/raw/query.bin --gt /scratch3/workspace/juelinliu_umass_edu-gpu-mvr/gpu-mvr/dataset/lotte/raw/gt.tsv --index /scratch3/workspace/juelinliu_umass_edu-gpu-mvr/gpu-mvr/dataset/lotte/gpu_mvr_2m --k 100 --nq -1 --warmup 5 --concurrent-queries 1 --config-file /scratch3/workspace/juelinliu_umass_edu-gpu-mvr/gpu-mvr/config/tmp/chimera_variant_targets/20260429T164347Z/lotte/v9/targets090_095_slots1_runs3.csv,,1,7011.129,,1.851,-1,32,5
chimera_variant_targets,v9,lotte,0.95,f1,r095_f1_run3,1,100,3,0.962845,0.950682,0.950682,447.086,2.236,2.208,2.378,2.446,2.714,9.315,0.304,14217.38,128,4000,400,192,5,gpu_search_v9,/scratch3/workspace/juelinliu_umass_edu-gpu-mvr/gpu-mvr/profiling/chimera_variant_targets/logs/20260429T164347Z/lotte/v9/targets090_095_slots1_runs3.log,0,/scratch3/workspace/juelinliu_umass_edu-gpu-mvr/gpu-mvr/gpu-mvr/build/gpu_search_v9 --query /scratch3/workspace/juelinliu_umass_edu-gpu-mvr/gpu-mvr/dataset/lotte/raw/query.bin --gt /scratch3/workspace/juelinliu_umass_edu-gpu-mvr/gpu-mvr/dataset/lotte/raw/gt.tsv --index /scratch3/workspace/juelinliu_umass_edu-gpu-mvr/gpu-mvr/dataset/lotte/gpu_mvr_2m --k 100 --nq -1 --warmup 5 --concurrent-queries 1 --config-file /scratch3/workspace/juelinliu_umass_edu-gpu-mvr/gpu-mvr/config/tmp/chimera_variant_targets/20260429T164347Z/lotte/v9/targets090_095_slots1_runs3.csv,,1,6555.792,14217.38,1.818,-1,32,5
chimera_variant_targets,chimera,msmarco,0.90,b2,r090_b2_run1,1,100,1,0.963797,0.917274,0.917274,497.295,2.011,1.948,2.125,2.192,2.650,17.187,0.647,,64,1800,180,96,4,gpu_search,/scratch3/workspace/juelinliu_umass_edu-gpu-mvr/gpu-mvr/profiling/chimera_variant_targets/logs/20260429T164347Z/msmarco/chimera/targets090_095_slots1_runs3.log,0,/scratch3/workspace/juelinliu_umass_edu-gpu-mvr/gpu-mvr/gpu-mvr/build/gpu_search --query /scratch3/workspace/juelinliu_umass_edu-gpu-mvr/gpu-mvr/dataset/msmarco/raw/query.bin --gt /scratch3/workspace/juelinliu_umass_edu-gpu-mvr/gpu-mvr/dataset/msmarco/raw/gt.tsv --index /scratch3/workspace/juelinliu_umass_edu-gpu-mvr/gpu-mvr/dataset/msmarco/gpu_mvr_2m --k 100 --nq -1 --warmup 5 --concurrent-queries 1 --config-file /scratch3/workspace/juelinliu_umass_edu-gpu-mvr/gpu-mvr/config/tmp/chimera_variant_targets/20260429T164347Z/msmarco/chimera/targets090_095_slots1_runs3.csv,,1,14035.948,,1.622,-1,32,5
chimera_variant_targets,chimera,msmarco,0.90,b2,r090_b2_run2,1,100,2,0.963797,0.917334,0.917334,489.735,2.042,1.952,2.135,2.207,5.263,14.763,0.737,,64,1800,180,96,4,gpu_search,/scratch3/workspace/juelinliu_umass_edu-gpu-mvr/gpu-mvr/profiling/chimera_variant_targets/logs/20260429T164347Z/msmarco/chimera/targets090_095_slots1_runs3.log,0,/scratch3/workspace/juelinliu_umass_edu-gpu-mvr/gpu-mvr/gpu-mvr/build/gpu_search --query /scratch3/workspace/juelinliu_umass_edu-gpu-mvr/gpu-mvr/dataset/msmarco/raw/query.bin --gt /scratch3/workspace/juelinliu_umass_edu-gpu-mvr/gpu-mvr/dataset/msmarco/raw/gt.tsv --index /scratch3/workspace/juelinliu_umass_edu-gpu-mvr/gpu-mvr/dataset/msmarco/gpu_mvr_2m --k 100 --nq -1 --warmup 5 --concurrent-queries 1 --config-file /scratch3/workspace/juelinliu_umass_edu-gpu-mvr/gpu-mvr/config/tmp/chimera_variant_targets/20260429T164347Z/msmarco/chimera/targets090_095_slots1_runs3.csv,,1,14252.605,,1.527,-1,32,5
chimera_variant_targets,chimera,msmarco,0.90,b2,r090_b2_run3,1,100,3,0.963811,0.91734,0.91734,490.570,2.038,1.996,2.212,2.297,3.642,6.691,0.314,,64,1800,180,96,4,gpu_search,/scratch3/workspace/juelinliu_umass_edu-gpu-mvr/gpu-mvr/profiling/chimera_variant_targets/logs/20260429T164347Z/msmarco/chimera/targets090_095_slots1_runs3.log,0,/scratch3/workspace/juelinliu_umass_edu-gpu-mvr/gpu-mvr/gpu-mvr/build/gpu_search --query /scratch3/workspace/juelinliu_umass_edu-gpu-mvr/gpu-mvr/dataset/msmarco/raw/query.bin --gt /scratch3/workspace/juelinliu_umass_edu-gpu-mvr/gpu-mvr/dataset/msmarco/raw/gt.tsv --index /scratch3/workspace/juelinliu_umass_edu-gpu-mvr/gpu-mvr/dataset/msmarco/gpu_mvr_2m --k 100 --nq -1 --warmup 5 --concurrent-queries 1 --config-file /scratch3/workspace/juelinliu_umass_edu-gpu-mvr/gpu-mvr/config/tmp/chimera_variant_targets/20260429T164347Z/msmarco/chimera/targets090_095_slots1_runs3.csv,,1,14228.356,,1.584,-1,32,5
chimera_variant_targets,chimera,msmarco,0.95,q2,r095_q2_run1,1,100,1,0.965788,0.951822,0.951822,357.588,2.796,2.756,3.029,3.122,3.703,7.309,0.323,,96,3200,320,160,6,gpu_search,/scratch3/workspace/juelinliu_umass_edu-gpu-mvr/gpu-mvr/profiling/chimera_variant_targets/logs/20260429T164347Z/msmarco/chimera/targets090_095_slots1_runs3.log,0,/scratch3/workspace/juelinliu_umass_edu-gpu-mvr/gpu-mvr/gpu-mvr/build/gpu_search --query /scratch3/workspace/juelinliu_umass_edu-gpu-mvr/gpu-mvr/dataset/msmarco/raw/query.bin --gt /scratch3/workspace/juelinliu_umass_edu-gpu-mvr/gpu-mvr/dataset/msmarco/raw/gt.tsv --index /scratch3/workspace/juelinliu_umass_edu-gpu-mvr/gpu-mvr/dataset/msmarco/gpu_mvr_2m --k 100 --nq -1 --warmup 5 --concurrent-queries 1 --config-file /scratch3/workspace/juelinliu_umass_edu-gpu-mvr/gpu-mvr/config/tmp/chimera_variant_targets/20260429T164347Z/msmarco/chimera/targets090_095_slots1_runs3.csv,,1,19519.694,,2.192,-1,32,5
chimera_variant_targets,chimera,msmarco,0.95,q2,r095_q2_run2,1,100,2,0.965774,0.95187,0.95187,363.455,2.751,2.721,2.973,3.053,3.263,13.540,0.368,,96,3200,320,160,6,gpu_search,/scratch3/workspace/juelinliu_umass_edu-gpu-mvr/gpu-mvr/profiling/chimera_variant_targets/logs/20260429T164347Z/msmarco/chimera/targets090_095_slots1_runs3.log,0,/scratch3/workspace/juelinliu_umass_edu-gpu-mvr/gpu-mvr/gpu-mvr/build/gpu_search --query /scratch3/workspace/juelinliu_umass_edu-gpu-mvr/gpu-mvr/dataset/msmarco/raw/query.bin --gt /scratch3/workspace/juelinliu_umass_edu-gpu-mvr/gpu-mvr/dataset/msmarco/raw/gt.tsv --index /scratch3/workspace/juelinliu_umass_edu-gpu-mvr/gpu-mvr/dataset/msmarco/gpu_mvr_2m --k 100 --nq -1 --warmup 5 --concurrent-queries 1 --config-file /scratch3/workspace/juelinliu_umass_edu-gpu-mvr/gpu-mvr/config/tmp/chimera_variant_targets/20260429T164347Z/msmarco/chimera/targets090_095_slots1_runs3.csv,,1,19204.597,,2.226,-1,32,5
chimera_variant_targets,chimera,msmarco,0.95,q2,r095_q2_run3,1,100,3,0.965788,0.951842,0.951842,367.642,2.720,2.692,2.931,3.021,3.219,8.827,0.304,18057.38,96,3200,320,160,6,gpu_search,/scratch3/workspace/juelinliu_umass_edu-gpu-mvr/gpu-mvr/profiling/chimera_variant_targets/logs/20260429T164347Z/msmarco/chimera/targets090_095_slots1_runs3.log,0,/scratch3/workspace/juelinliu_umass_edu-gpu-mvr/gpu-mvr/gpu-mvr/build/gpu_search --query /scratch3/workspace/juelinliu_umass_edu-gpu-mvr/gpu-mvr/dataset/msmarco/raw/query.bin --gt /scratch3/workspace/juelinliu_umass_edu-gpu-mvr/gpu-mvr/dataset/msmarco/raw/gt.tsv --index /scratch3/workspace/juelinliu_umass_edu-gpu-mvr/gpu-mvr/dataset/msmarco/gpu_mvr_2m --k 100 --nq -1 --warmup 5 --concurrent-queries 1 --config-file /scratch3/workspace/juelinliu_umass_edu-gpu-mvr/gpu-mvr/config/tmp/chimera_variant_targets/20260429T164347Z/msmarco/chimera/targets090_095_slots1_runs3.csv,,1,18985.853,18057.38,2.185,-1,32,5
chimera_variant_targets,chimera_nolut,msmarco,0.90,b2,r090_b2_run1,1,100,1,0.963797,0.917331,0.917331,333.402,2.999,2.864,3.320,3.522,7.995,18.253,0.883,,64,1800,180,96,4,gpu_search_nolut,/scratch3/workspace/juelinliu_umass_edu-gpu-mvr/gpu-mvr/profiling/chimera_variant_targets/logs/20260429T164347Z/msmarco/chimera_nolut/targets090_095_slots1_runs3.log,0,/scratch3/workspace/juelinliu_umass_edu-gpu-mvr/gpu-mvr/gpu-mvr/build/gpu_search_nolut --query /scratch3/workspace/juelinliu_umass_edu-gpu-mvr/gpu-mvr/dataset/msmarco/raw/query.bin --gt /scratch3/workspace/juelinliu_umass_edu-gpu-mvr/gpu-mvr/dataset/msmarco/raw/gt.tsv --index /scratch3/workspace/juelinliu_umass_edu-gpu-mvr/gpu-mvr/dataset/msmarco/gpu_mvr_2m --k 100 --nq -1 --warmup 5 --concurrent-queries 1 --config-file /scratch3/workspace/juelinliu_umass_edu-gpu-mvr/gpu-mvr/config/tmp/chimera_variant_targets/20260429T164347Z/msmarco/chimera_nolut/targets090_095_slots1_runs3.csv,,1,20935.682,,2.083,-1,32,5
chimera_variant_targets,chimera_nolut,msmarco,0.90,b2,r090_b2_run2,1,100,2,0.963797,0.917307,0.917307,345.196,2.897,2.825,3.253,3.426,3.979,12.505,0.521,,64,1800,180,96,4,gpu_search_nolut,/scratch3/workspace/juelinliu_umass_edu-gpu-mvr/gpu-mvr/profiling/chimera_variant_targets/logs/20260429T164347Z/msmarco/chimera_nolut/targets090_095_slots1_runs3.log,0,/scratch3/workspace/juelinliu_umass_edu-gpu-mvr/gpu-mvr/gpu-mvr/build/gpu_search_nolut --query /scratch3/workspace/juelinliu_umass_edu-gpu-mvr/gpu-mvr/dataset/msmarco/raw/query.bin --gt /scratch3/workspace/juelinliu_umass_edu-gpu-mvr/gpu-mvr/dataset/msmarco/raw/gt.tsv --index /scratch3/workspace/juelinliu_umass_edu-gpu-mvr/gpu-mvr/dataset/msmarco/gpu_mvr_2m --k 100 --nq -1 --warmup 5 --concurrent-queries 1 --config-file /scratch3/workspace/juelinliu_umass_edu-gpu-mvr/gpu-mvr/config/tmp/chimera_variant_targets/20260429T164347Z/msmarco/chimera_nolut/targets090_095_slots1_runs3.csv,,1,20220.413,,2.022,-1,32,5
chimera_variant_targets,chimera_nolut,msmarco,0.90,b2,r090_b2_run3,1,100,3,0.963797,0.917334,0.917334,349.392,2.862,2.789,3.221,3.414,4.982,9.784,0.423,,64,1800,180,96,4,gpu_search_nolut,/scratch3/workspace/juelinliu_umass_edu-gpu-mvr/gpu-mvr/profiling/chimera_variant_targets/logs/20260429T164347Z/msmarco/chimera_nolut/targets090_095_slots1_runs3.log,0,/scratch3/workspace/juelinliu_umass_edu-gpu-mvr/gpu-mvr/gpu-mvr/build/gpu_search_nolut --query /scratch3/workspace/juelinliu_umass_edu-gpu-mvr/gpu-mvr/dataset/msmarco/raw/query.bin --gt /scratch3/workspace/juelinliu_umass_edu-gpu-mvr/gpu-mvr/dataset/msmarco/raw/gt.tsv --index /scratch3/workspace/juelinliu_umass_edu-gpu-mvr/gpu-mvr/dataset/msmarco/gpu_mvr_2m --k 100 --nq -1 --warmup 5 --concurrent-queries 1 --config-file /scratch3/workspace/juelinliu_umass_edu-gpu-mvr/gpu-mvr/config/tmp/chimera_variant_targets/20260429T164347Z/msmarco/chimera_nolut/targets090_095_slots1_runs3.csv,,1,19977.559,,2.037,-1,32,5
chimera_variant_targets,chimera_nolut,msmarco,0.95,q2,r095_q2_run1,1,100,1,0.965774,0.951845,0.951845,230.730,4.334,4.262,4.865,5.096,5.657,14.726,0.516,,96,3200,320,160,6,gpu_search_nolut,/scratch3/workspace/juelinliu_umass_edu-gpu-mvr/gpu-mvr/profiling/chimera_variant_targets/logs/20260429T164347Z/msmarco/chimera_nolut/targets090_095_slots1_runs3.log,0,/scratch3/workspace/juelinliu_umass_edu-gpu-mvr/gpu-mvr/gpu-mvr/build/gpu_search_nolut --query /scratch3/workspace/juelinliu_umass_edu-gpu-mvr/gpu-mvr/dataset/msmarco/raw/query.bin --gt /scratch3/workspace/juelinliu_umass_edu-gpu-mvr/gpu-mvr/dataset/msmarco/raw/gt.tsv --index /scratch3/workspace/juelinliu_umass_edu-gpu-mvr/gpu-mvr/dataset/msmarco/gpu_mvr_2m --k 100 --nq -1 --warmup 5 --concurrent-queries 1 --config-file /scratch3/workspace/juelinliu_umass_edu-gpu-mvr/gpu-mvr/config/tmp/chimera_variant_targets/20260429T164347Z/msmarco/chimera_nolut/targets090_095_slots1_runs3.csv,,1,30251.755,,3.020,-1,32,5
chimera_variant_targets,chimera_nolut,msmarco,0.95,q2,r095_q2_run2,1,100,2,0.965759,0.951871,0.951871,239.071,4.183,4.127,4.702,4.924,5.377,9.316,0.423,,96,3200,320,160,6,gpu_search_nolut,/scratch3/workspace/juelinliu_umass_edu-gpu-mvr/gpu-mvr/profiling/chimera_variant_targets/logs/20260429T164347Z/msmarco/chimera_nolut/targets090_095_slots1_runs3.log,0,/scratch3/workspace/juelinliu_umass_edu-gpu-mvr/gpu-mvr/gpu-mvr/build/gpu_search_nolut --query /scratch3/workspace/juelinliu_umass_edu-gpu-mvr/gpu-mvr/dataset/msmarco/raw/query.bin --gt /scratch3/workspace/juelinliu_umass_edu-gpu-mvr/gpu-mvr/dataset/msmarco/raw/gt.tsv --index /scratch3/workspace/juelinliu_umass_edu-gpu-mvr/gpu-mvr/dataset/msmarco/gpu_mvr_2m --k 100 --nq -1 --warmup 5 --concurrent-queries 1 --config-file /scratch3/workspace/juelinliu_umass_edu-gpu-mvr/gpu-mvr/config/tmp/chimera_variant_targets/20260429T164347Z/msmarco/chimera_nolut/targets090_095_slots1_runs3.csv,,1,29196.339,,3.069,-1,32,5
chimera_variant_targets,chimera_nolut,msmarco,0.95,q2,r095_q2_run3,1,100,3,0.965774,0.951862,0.951862,238.218,4.198,4.136,4.710,4.949,5.447,10.025,0.455,18057.38,96,3200,320,160,6,gpu_search_nolut,/scratch3/workspace/juelinliu_umass_edu-gpu-mvr/gpu-mvr/profiling/chimera_variant_targets/logs/20260429T164347Z/msmarco/chimera_nolut/targets090_095_slots1_runs3.log,0,/scratch3/workspace/juelinliu_umass_edu-gpu-mvr/gpu-mvr/gpu-mvr/build/gpu_search_nolut --query /scratch3/workspace/juelinliu_umass_edu-gpu-mvr/gpu-mvr/dataset/msmarco/raw/query.bin --gt /scratch3/workspace/juelinliu_umass_edu-gpu-mvr/gpu-mvr/dataset/msmarco/raw/gt.tsv --index /scratch3/workspace/juelinliu_umass_edu-gpu-mvr/gpu-mvr/dataset/msmarco/gpu_mvr_2m --k 100 --nq -1 --warmup 5 --concurrent-queries 1 --config-file /scratch3/workspace/juelinliu_umass_edu-gpu-mvr/gpu-mvr/config/tmp/chimera_variant_targets/20260429T164347Z/msmarco/chimera_nolut/targets090_095_slots1_runs3.csv,,1,29300.901,18057.38,2.845,-1,32,5
chimera_variant_targets,chimera_nosum,msmarco,0.90,b2,r090_b2_run1,1,100,1,0.963797,0.917307,0.917307,392.760,2.546,2.519,2.737,2.815,3.007,9.885,0.253,,64,1800,180,96,4,gpu_search_nosum,/scratch3/workspace/juelinliu_umass_edu-gpu-mvr/gpu-mvr/profiling/chimera_variant_targets/logs/20260429T164347Z/msmarco/chimera_nosum/targets090_095_slots1_runs3.log,0,/scratch3/workspace/juelinliu_umass_edu-gpu-mvr/gpu-mvr/gpu-mvr/build/gpu_search_nosum --query /scratch3/workspace/juelinliu_umass_edu-gpu-mvr/gpu-mvr/dataset/msmarco/raw/query.bin --gt /scratch3/workspace/juelinliu_umass_edu-gpu-mvr/gpu-mvr/dataset/msmarco/raw/gt.tsv --index /scratch3/workspace/juelinliu_umass_edu-gpu-mvr/gpu-mvr/dataset/msmarco/gpu_mvr_2m --k 100 --nq -1 --warmup 5 --concurrent-queries 1 --config-file /scratch3/workspace/juelinliu_umass_edu-gpu-mvr/gpu-mvr/config/tmp/chimera_variant_targets/20260429T164347Z/msmarco/chimera_nosum/targets090_095_slots1_runs3.csv,,1,17771.685,,2.128,-1,32,5
chimera_variant_targets,chimera_nosum,msmarco,0.90,b2,r090_b2_run2,1,100,2,0.963797,0.917322,0.917322,393.875,2.539,2.514,2.724,2.797,2.969,11.551,0.301,,64,1800,180,96,4,gpu_search_nosum,/scratch3/workspace/juelinliu_umass_edu-gpu-mvr/gpu-mvr/profiling/chimera_variant_targets/logs/20260429T164347Z/msmarco/chimera_nosum/targets090_095_slots1_runs3.log,0,/scratch3/workspace/juelinliu_umass_edu-gpu-mvr/gpu-mvr/gpu-mvr/build/gpu_search_nosum --query /scratch3/workspace/juelinliu_umass_edu-gpu-mvr/gpu-mvr/dataset/msmarco/raw/query.bin --gt /scratch3/workspace/juelinliu_umass_edu-gpu-mvr/gpu-mvr/dataset/msmarco/raw/gt.tsv --index /scratch3/workspace/juelinliu_umass_edu-gpu-mvr/gpu-mvr/dataset/msmarco/gpu_mvr_2m --k 100 --nq -1 --warmup 5 --concurrent-queries 1 --config-file /scratch3/workspace/juelinliu_umass_edu-gpu-mvr/gpu-mvr/config/tmp/chimera_variant_targets/20260429T164347Z/msmarco/chimera_nosum/targets090_095_slots1_runs3.csv,,1,17721.355,,2.114,-1,32,5
chimera_variant_targets,chimera_nosum,msmarco,0.90,b2,r090_b2_run3,1,100,3,0.963797,0.917358,0.917358,392.155,2.550,2.512,2.728,2.808,3.054,13.706,0.400,,64,1800,180,96,4,gpu_search_nosum,/scratch3/workspace/juelinliu_umass_edu-gpu-mvr/gpu-mvr/profiling/chimera_variant_targets/logs/20260429T164347Z/msmarco/chimera_nosum/targets090_095_slots1_runs3.log,0,/scratch3/workspace/juelinliu_umass_edu-gpu-mvr/gpu-mvr/gpu-mvr/build/gpu_search_nosum --query /scratch3/workspace/juelinliu_umass_edu-gpu-mvr/gpu-mvr/dataset/msmarco/raw/query.bin --gt /scratch3/workspace/juelinliu_umass_edu-gpu-mvr/gpu-mvr/dataset/msmarco/raw/gt.tsv --index /scratch3/workspace/juelinliu_umass_edu-gpu-mvr/gpu-mvr/dataset/msmarco/gpu_mvr_2m --k 100 --nq -1 --warmup 5 --concurrent-queries 1 --config-file /scratch3/workspace/juelinliu_umass_edu-gpu-mvr/gpu-mvr/config/tmp/chimera_variant_targets/20260429T164347Z/msmarco/chimera_nosum/targets090_095_slots1_runs3.csv,,1,17799.097,,2.135,-1,32,5
chimera_variant_targets,chimera_nosum,msmarco,0.95,q2,r095_q2_run1,1,100,1,0.965774,0.951808,0.951808,264.917,3.774,3.674,4.294,4.477,4.933,11.452,0.419,,96,3200,320,160,6,gpu_search_nosum,/scratch3/workspace/juelinliu_umass_edu-gpu-mvr/gpu-mvr/profiling/chimera_variant_targets/logs/20260429T164347Z/msmarco/chimera_nosum/targets090_095_slots1_runs3.log,0,/scratch3/workspace/juelinliu_umass_edu-gpu-mvr/gpu-mvr/gpu-mvr/build/gpu_search_nosum --query /scratch3/workspace/juelinliu_umass_edu-gpu-mvr/gpu-mvr/dataset/msmarco/raw/query.bin --gt /scratch3/workspace/juelinliu_umass_edu-gpu-mvr/gpu-mvr/dataset/msmarco/raw/gt.tsv --index /scratch3/workspace/juelinliu_umass_edu-gpu-mvr/gpu-mvr/dataset/msmarco/gpu_mvr_2m --k 100 --nq -1 --warmup 5 --concurrent-queries 1 --config-file /scratch3/workspace/juelinliu_umass_edu-gpu-mvr/gpu-mvr/config/tmp/chimera_variant_targets/20260429T164347Z/msmarco/chimera_nosum/targets090_095_slots1_runs3.csv,,1,26347.844,,3.031,-1,32,5
chimera_variant_targets,chimera_nosum,msmarco,0.95,q2,r095_q2_run2,1,100,2,0.965759,0.951858,0.951858,262.485,3.810,3.669,4.317,4.526,5.925,15.418,0.664,,96,3200,320,160,6,gpu_search_nosum,/scratch3/workspace/juelinliu_umass_edu-gpu-mvr/gpu-mvr/profiling/chimera_variant_targets/logs/20260429T164347Z/msmarco/chimera_nosum/targets090_095_slots1_runs3.log,0,/scratch3/workspace/juelinliu_umass_edu-gpu-mvr/gpu-mvr/gpu-mvr/build/gpu_search_nosum --query /scratch3/workspace/juelinliu_umass_edu-gpu-mvr/gpu-mvr/dataset/msmarco/raw/query.bin --gt /scratch3/workspace/juelinliu_umass_edu-gpu-mvr/gpu-mvr/dataset/msmarco/raw/gt.tsv --index /scratch3/workspace/juelinliu_umass_edu-gpu-mvr/gpu-mvr/dataset/msmarco/gpu_mvr_2m --k 100 --nq -1 --warmup 5 --concurrent-queries 1 --config-file /scratch3/workspace/juelinliu_umass_edu-gpu-mvr/gpu-mvr/config/tmp/chimera_variant_targets/20260429T164347Z/msmarco/chimera_nosum/targets090_095_slots1_runs3.csv,,1,26592.035,,2.990,-1,32,5
chimera_variant_targets,chimera_nosum,msmarco,0.95,q2,r095_q2_run3,1,100,3,0.965774,0.95186,0.95186,265.894,3.761,3.659,4.270,4.466,4.914,9.016,0.429,18057.38,96,3200,320,160,6,gpu_search_nosum,/scratch3/workspace/juelinliu_umass_edu-gpu-mvr/gpu-mvr/profiling/chimera_variant_targets/logs/20260429T164347Z/msmarco/chimera_nosum/targets090_095_slots1_runs3.log,0,/scratch3/workspace/juelinliu_umass_edu-gpu-mvr/gpu-mvr/gpu-mvr/build/gpu_search_nosum --query /scratch3/workspace/juelinliu_umass_edu-gpu-mvr/gpu-mvr/dataset/msmarco/raw/query.bin --gt /scratch3/workspace/juelinliu_umass_edu-gpu-mvr/gpu-mvr/dataset/msmarco/raw/gt.tsv --index /scratch3/workspace/juelinliu_umass_edu-gpu-mvr/gpu-mvr/dataset/msmarco/gpu_mvr_2m --k 100 --nq -1 --warmup 5 --concurrent-queries 1 --config-file /scratch3/workspace/juelinliu_umass_edu-gpu-mvr/gpu-mvr/config/tmp/chimera_variant_targets/20260429T164347Z/msmarco/chimera_nosum/targets090_095_slots1_runs3.csv,,1,26251.097,18057.38,2.987,-1,32,5
chimera_variant_targets,chimera_nolut_nosum,msmarco,0.90,b2,r090_b2_run1,1,100,1,0.963825,0.917375,0.917375,278.643,3.589,3.515,3.949,4.108,4.509,19.562,0.629,,64,1800,180,96,4,gpu_search_nolut_nosum,/scratch3/workspace/juelinliu_umass_edu-gpu-mvr/gpu-mvr/profiling/chimera_variant_targets/logs/20260429T164347Z/msmarco/chimera_nolut_nosum/targets090_095_slots1_runs3.log,0,/scratch3/workspace/juelinliu_umass_edu-gpu-mvr/gpu-mvr/gpu-mvr/build/gpu_search_nolut_nosum --query /scratch3/workspace/juelinliu_umass_edu-gpu-mvr/gpu-mvr/dataset/msmarco/raw/query.bin --gt /scratch3/workspace/juelinliu_umass_edu-gpu-mvr/gpu-mvr/dataset/msmarco/raw/gt.tsv --index /scratch3/workspace/juelinliu_umass_edu-gpu-mvr/gpu-mvr/dataset/msmarco/gpu_mvr_2m --k 100 --nq -1 --warmup 5 --concurrent-queries 1 --config-file /scratch3/workspace/juelinliu_umass_edu-gpu-mvr/gpu-mvr/config/tmp/chimera_variant_targets/20260429T164347Z/msmarco/chimera_nolut_nosum/targets090_095_slots1_runs3.csv,,1,25049.960,,2.743,-1,32,5
chimera_variant_targets,chimera_nolut_nosum,msmarco,0.90,b2,r090_b2_run2,1,100,2,0.963797,0.917285,0.917285,278.887,3.586,3.502,3.940,4.105,5.342,11.877,0.618,,64,1800,180,96,4,gpu_search_nolut_nosum,/scratch3/workspace/juelinliu_umass_edu-gpu-mvr/gpu-mvr/profiling/chimera_variant_targets/logs/20260429T164347Z/msmarco/chimera_nolut_nosum/targets090_095_slots1_runs3.log,0,/scratch3/workspace/juelinliu_umass_edu-gpu-mvr/gpu-mvr/gpu-mvr/build/gpu_search_nolut_nosum --query /scratch3/workspace/juelinliu_umass_edu-gpu-mvr/gpu-mvr/dataset/msmarco/raw/query.bin --gt /scratch3/workspace/juelinliu_umass_edu-gpu-mvr/gpu-mvr/dataset/msmarco/raw/gt.tsv --index /scratch3/workspace/juelinliu_umass_edu-gpu-mvr/gpu-mvr/dataset/msmarco/gpu_mvr_2m --k 100 --nq -1 --warmup 5 --concurrent-queries 1 --config-file /scratch3/workspace/juelinliu_umass_edu-gpu-mvr/gpu-mvr/config/tmp/chimera_variant_targets/20260429T164347Z/msmarco/chimera_nolut_nosum/targets090_095_slots1_runs3.csv,,1,25028.058,,2.647,-1,32,5
chimera_variant_targets,chimera_nolut_nosum,msmarco,0.90,b2,r090_b2_run3,1,100,3,0.963825,0.917357,0.917357,280.324,3.567,3.501,3.934,4.095,4.572,10.913,0.518,,64,1800,180,96,4,gpu_search_nolut_nosum,/scratch3/workspace/juelinliu_umass_edu-gpu-mvr/gpu-mvr/profiling/chimera_variant_targets/logs/20260429T164347Z/msmarco/chimera_nolut_nosum/targets090_095_slots1_runs3.log,0,/scratch3/workspace/juelinliu_umass_edu-gpu-mvr/gpu-mvr/gpu-mvr/build/gpu_search_nolut_nosum --query /scratch3/workspace/juelinliu_umass_edu-gpu-mvr/gpu-mvr/dataset/msmarco/raw/query.bin --gt /scratch3/workspace/juelinliu_umass_edu-gpu-mvr/gpu-mvr/dataset/msmarco/raw/gt.tsv --index /scratch3/workspace/juelinliu_umass_edu-gpu-mvr/gpu-mvr/dataset/msmarco/gpu_mvr_2m --k 100 --nq -1 --warmup 5 --concurrent-queries 1 --config-file /scratch3/workspace/juelinliu_umass_edu-gpu-mvr/gpu-mvr/config/tmp/chimera_variant_targets/20260429T164347Z/msmarco/chimera_nolut_nosum/targets090_095_slots1_runs3.csv,,1,24899.732,,2.709,-1,32,5
chimera_variant_targets,chimera_nolut_nosum,msmarco,0.95,q2,r095_q2_run1,1,100,1,0.965774,0.951858,0.951858,182.316,5.485,5.392,6.084,6.334,8.414,12.518,0.658,,96,3200,320,160,6,gpu_search_nolut_nosum,/scratch3/workspace/juelinliu_umass_edu-gpu-mvr/gpu-mvr/profiling/chimera_variant_targets/logs/20260429T164347Z/msmarco/chimera_nolut_nosum/targets090_095_slots1_runs3.log,0,/scratch3/workspace/juelinliu_umass_edu-gpu-mvr/gpu-mvr/gpu-mvr/build/gpu_search_nolut_nosum --query /scratch3/workspace/juelinliu_umass_edu-gpu-mvr/gpu-mvr/dataset/msmarco/raw/query.bin --gt /scratch3/workspace/juelinliu_umass_edu-gpu-mvr/gpu-mvr/dataset/msmarco/raw/gt.tsv --index /scratch3/workspace/juelinliu_umass_edu-gpu-mvr/gpu-mvr/dataset/msmarco/gpu_mvr_2m --k 100 --nq -1 --warmup 5 --concurrent-queries 1 --config-file /scratch3/workspace/juelinliu_umass_edu-gpu-mvr/gpu-mvr/config/tmp/chimera_variant_targets/20260429T164347Z/msmarco/chimera_nolut_nosum/targets090_095_slots1_runs3.csv,,1,38285.113,,3.980,-1,32,5
chimera_variant_targets,chimera_nolut_nosum,msmarco,0.95,q2,r095_q2_run2,1,100,2,0.965759,0.951848,0.951848,183.718,5.443,5.367,6.043,6.287,7.008,16.164,0.595,,96,3200,320,160,6,gpu_search_nolut_nosum,/scratch3/workspace/juelinliu_umass_edu-gpu-mvr/gpu-mvr/profiling/chimera_variant_targets/logs/20260429T164347Z/msmarco/chimera_nolut_nosum/targets090_095_slots1_runs3.log,0,/scratch3/workspace/juelinliu_umass_edu-gpu-mvr/gpu-mvr/gpu-mvr/build/gpu_search_nolut_nosum --query /scratch3/workspace/juelinliu_umass_edu-gpu-mvr/gpu-mvr/dataset/msmarco/raw/query.bin --gt /scratch3/workspace/juelinliu_umass_edu-gpu-mvr/gpu-mvr/dataset/msmarco/raw/gt.tsv --index /scratch3/workspace/juelinliu_umass_edu-gpu-mvr/gpu-mvr/dataset/msmarco/gpu_mvr_2m --k 100 --nq -1 --warmup 5 --concurrent-queries 1 --config-file /scratch3/workspace/juelinliu_umass_edu-gpu-mvr/gpu-mvr/config/tmp/chimera_variant_targets/20260429T164347Z/msmarco/chimera_nolut_nosum/targets090_095_slots1_runs3.csv,,1,37993.010,,3.964,-1,32,5
chimera_variant_targets,chimera_nolut_nosum,msmarco,0.95,q2,r095_q2_run3,1,100,3,0.965774,0.951885,0.951885,184.485,5.420,5.362,6.024,6.259,6.800,13.887,0.502,18057.38,96,3200,320,160,6,gpu_search_nolut_nosum,/scratch3/workspace/juelinliu_umass_edu-gpu-mvr/gpu-mvr/profiling/chimera_variant_targets/logs/20260429T164347Z/msmarco/chimera_nolut_nosum/targets090_095_slots1_runs3.log,0,/scratch3/workspace/juelinliu_umass_edu-gpu-mvr/gpu-mvr/gpu-mvr/build/gpu_search_nolut_nosum --query /scratch3/workspace/juelinliu_umass_edu-gpu-mvr/gpu-mvr/dataset/msmarco/raw/query.bin --gt /scratch3/workspace/juelinliu_umass_edu-gpu-mvr/gpu-mvr/dataset/msmarco/raw/gt.tsv --index /scratch3/workspace/juelinliu_umass_edu-gpu-mvr/gpu-mvr/dataset/msmarco/gpu_mvr_2m --k 100 --nq -1 --warmup 5 --concurrent-queries 1 --config-file /scratch3/workspace/juelinliu_umass_edu-gpu-mvr/gpu-mvr/config/tmp/chimera_variant_targets/20260429T164347Z/msmarco/chimera_nolut_nosum/targets090_095_slots1_runs3.csv,,1,37835.039,18057.38,3.969,-1,32,5
chimera_variant_targets,v9,msmarco,0.90,b2,r090_b2_run1,1,100,1,0.963811,0.917331,0.917331,489.166,2.044,1.962,2.146,2.223,4.890,9.937,0.671,,64,1800,180,96,4,gpu_search_v9,/scratch3/workspace/juelinliu_umass_edu-gpu-mvr/gpu-mvr/profiling/chimera_variant_targets/logs/20260429T164347Z/msmarco/v9/targets090_095_slots1_runs3.log,0,/scratch3/workspace/juelinliu_umass_edu-gpu-mvr/gpu-mvr/gpu-mvr/build/gpu_search_v9 --query /scratch3/workspace/juelinliu_umass_edu-gpu-mvr/gpu-mvr/dataset/msmarco/raw/query.bin --gt /scratch3/workspace/juelinliu_umass_edu-gpu-mvr/gpu-mvr/dataset/msmarco/raw/gt.tsv --index /scratch3/workspace/juelinliu_umass_edu-gpu-mvr/gpu-mvr/dataset/msmarco/gpu_mvr_2m --k 100 --nq -1 --warmup 5 --concurrent-queries 1 --config-file /scratch3/workspace/juelinliu_umass_edu-gpu-mvr/gpu-mvr/config/tmp/chimera_variant_targets/20260429T164347Z/msmarco/v9/targets090_095_slots1_runs3.csv,,1,14269.171,,1.613,-1,32,5
chimera_variant_targets,v9,msmarco,0.90,b2,r090_b2_run2,1,100,2,0.963797,0.917355,0.917355,506.302,1.975,1.925,2.106,2.178,2.469,11.053,0.507,,64,1800,180,96,4,gpu_search_v9,/scratch3/workspace/juelinliu_umass_edu-gpu-mvr/gpu-mvr/profiling/chimera_variant_targets/logs/20260429T164347Z/msmarco/v9/targets090_095_slots1_runs3.log,0,/scratch3/workspace/juelinliu_umass_edu-gpu-mvr/gpu-mvr/gpu-mvr/build/gpu_search_v9 --query /scratch3/workspace/juelinliu_umass_edu-gpu-mvr/gpu-mvr/dataset/msmarco/raw/query.bin --gt /scratch3/workspace/juelinliu_umass_edu-gpu-mvr/gpu-mvr/dataset/msmarco/raw/gt.tsv --index /scratch3/workspace/juelinliu_umass_edu-gpu-mvr/gpu-mvr/dataset/msmarco/gpu_mvr_2m --k 100 --nq -1 --warmup 5 --concurrent-queries 1 --config-file /scratch3/workspace/juelinliu_umass_edu-gpu-mvr/gpu-mvr/config/tmp/chimera_variant_targets/20260429T164347Z/msmarco/v9/targets090_095_slots1_runs3.csv,,1,13786.239,,1.553,-1,32,5
chimera_variant_targets,v9,msmarco,0.90,b2,r090_b2_run3,1,100,3,0.963811,0.917351,0.917351,512.414,1.951,1.914,2.088,2.159,3.353,6.096,0.283,,64,1800,180,96,4,gpu_search_v9,/scratch3/workspace/juelinliu_umass_edu-gpu-mvr/gpu-mvr/profiling/chimera_variant_targets/logs/20260429T164347Z/msmarco/v9/targets090_095_slots1_runs3.log,0,/scratch3/workspace/juelinliu_umass_edu-gpu-mvr/gpu-mvr/gpu-mvr/build/gpu_search_v9 --query /scratch3/workspace/juelinliu_umass_edu-gpu-mvr/gpu-mvr/dataset/msmarco/raw/query.bin --gt /scratch3/workspace/juelinliu_umass_edu-gpu-mvr/gpu-mvr/dataset/msmarco/raw/gt.tsv --index /scratch3/workspace/juelinliu_umass_edu-gpu-mvr/gpu-mvr/dataset/msmarco/gpu_mvr_2m --k 100 --nq -1 --warmup 5 --concurrent-queries 1 --config-file /scratch3/workspace/juelinliu_umass_edu-gpu-mvr/gpu-mvr/config/tmp/chimera_variant_targets/20260429T164347Z/msmarco/v9/targets090_095_slots1_runs3.csv,,1,13621.788,,1.524,-1,32,5
chimera_variant_targets,v9,msmarco,0.95,q2,r095_q2_run1,1,100,1,0.965774,0.951828,0.951828,367.538,2.720,2.703,2.944,3.029,3.191,6.597,0.188,,96,3200,320,160,6,gpu_search_v9,/scratch3/workspace/juelinliu_umass_edu-gpu-mvr/gpu-mvr/profiling/chimera_variant_targets/logs/20260429T164347Z/msmarco/v9/targets090_095_slots1_runs3.log,0,/scratch3/workspace/juelinliu_umass_edu-gpu-mvr/gpu-mvr/gpu-mvr/build/gpu_search_v9 --query /scratch3/workspace/juelinliu_umass_edu-gpu-mvr/gpu-mvr/dataset/msmarco/raw/query.bin --gt /scratch3/workspace/juelinliu_umass_edu-gpu-mvr/gpu-mvr/dataset/msmarco/raw/gt.tsv --index /scratch3/workspace/juelinliu_umass_edu-gpu-mvr/gpu-mvr/dataset/msmarco/gpu_mvr_2m --k 100 --nq -1 --warmup 5 --concurrent-queries 1 --config-file /scratch3/workspace/juelinliu_umass_edu-gpu-mvr/gpu-mvr/config/tmp/chimera_variant_targets/20260429T164347Z/msmarco/v9/targets090_095_slots1_runs3.csv,,1,18991.214,,2.120,-1,32,5
chimera_variant_targets,v9,msmarco,0.95,q2,r095_q2_run2,1,100,2,0.965759,0.951847,0.951847,375.072,2.666,2.648,2.877,2.953,3.129,7.031,0.215,,96,3200,320,160,6,gpu_search_v9,/scratch3/workspace/juelinliu_umass_edu-gpu-mvr/gpu-mvr/profiling/chimera_variant_targets/logs/20260429T164347Z/msmarco/v9/targets090_095_slots1_runs3.log,0,/scratch3/workspace/juelinliu_umass_edu-gpu-mvr/gpu-mvr/gpu-mvr/build/gpu_search_v9 --query /scratch3/workspace/juelinliu_umass_edu-gpu-mvr/gpu-mvr/dataset/msmarco/raw/query.bin --gt /scratch3/workspace/juelinliu_umass_edu-gpu-mvr/gpu-mvr/dataset/msmarco/raw/gt.tsv --index /scratch3/workspace/juelinliu_umass_edu-gpu-mvr/gpu-mvr/dataset/msmarco/gpu_mvr_2m --k 100 --nq -1 --warmup 5 --concurrent-queries 1 --config-file /scratch3/workspace/juelinliu_umass_edu-gpu-mvr/gpu-mvr/config/tmp/chimera_variant_targets/20260429T164347Z/msmarco/v9/targets090_095_slots1_runs3.csv,,1,18609.766,,2.192,-1,32,5
chimera_variant_targets,v9,msmarco,0.95,q2,r095_q2_run3,1,100,3,0.965774,0.951838,0.951838,373.598,2.677,2.655,2.884,2.963,3.130,15.185,0.267,29443.38,96,3200,320,160,6,gpu_search_v9,/scratch3/workspace/juelinliu_umass_edu-gpu-mvr/gpu-mvr/profiling/chimera_variant_targets/logs/20260429T164347Z/msmarco/v9/targets090_095_slots1_runs3.log,0,/scratch3/workspace/juelinliu_umass_edu-gpu-mvr/gpu-mvr/gpu-mvr/build/gpu_search_v9 --query /scratch3/workspace/juelinliu_umass_edu-gpu-mvr/gpu-mvr/dataset/msmarco/raw/query.bin --gt /scratch3/workspace/juelinliu_umass_edu-gpu-mvr/gpu-mvr/dataset/msmarco/raw/gt.tsv --index /scratch3/workspace/juelinliu_umass_edu-gpu-mvr/gpu-mvr/dataset/msmarco/gpu_mvr_2m --k 100 --nq -1 --warmup 5 --concurrent-queries 1 --config-file /scratch3/workspace/juelinliu_umass_edu-gpu-mvr/gpu-mvr/config/tmp/chimera_variant_targets/20260429T164347Z/msmarco/v9/targets090_095_slots1_runs3.csv,,1,18683.164,29443.38,2.094,-1,32,5
chimera_variant_targets,chimera,hotpot,0.90,q4,r090_q4_run1,1,100,1,0.9441,0.91393,0.91393,290.490,3.441,3.224,3.640,3.826,10.898,19.287,1.428,,160,5000,500,224,6,gpu_search,/scratch3/workspace/juelinliu_umass_edu-gpu-mvr/gpu-mvr/profiling/chimera_variant_targets/logs/20260429T164347Z/hotpot/chimera/targets090_095_slots1_runs3.log,0,/scratch3/workspace/juelinliu_umass_edu-gpu-mvr/gpu-mvr/gpu-mvr/build/gpu_search --query /scratch3/workspace/juelinliu_umass_edu-gpu-mvr/gpu-mvr/dataset/hotpot/raw/query.bin --gt /scratch3/workspace/juelinliu_umass_edu-gpu-mvr/gpu-mvr/dataset/hotpot/raw/gt.tsv --index /scratch3/workspace/juelinliu_umass_edu-gpu-mvr/gpu-mvr/dataset/hotpot/gpu_mvr_2m --k 100 --nq -1 --warmup 5 --concurrent-queries 1 --config-file /scratch3/workspace/juelinliu_umass_edu-gpu-mvr/gpu-mvr/config/tmp/chimera_variant_targets/20260429T164347Z/hotpot/chimera/targets090_095_slots1_runs3.csv,,1,3442.454,,2.611,-1,32,5
chimera_variant_targets,chimera,hotpot,0.90,q4,r090_q4_run2,1,100,2,0.9443,0.91396,0.91396,330.889,3.022,2.978,3.286,3.392,4.163,6.854,0.380,,160,5000,500,224,6,gpu_search,/scratch3/workspace/juelinliu_umass_edu-gpu-mvr/gpu-mvr/profiling/chimera_variant_targets/logs/20260429T164347Z/hotpot/chimera/targets090_095_slots1_runs3.log,0,/scratch3/workspace/juelinliu_umass_edu-gpu-mvr/gpu-mvr/gpu-mvr/build/gpu_search --query /scratch3/workspace/juelinliu_umass_edu-gpu-mvr/gpu-mvr/dataset/hotpot/raw/query.bin --gt /scratch3/workspace/juelinliu_umass_edu-gpu-mvr/gpu-mvr/dataset/hotpot/raw/gt.tsv --index /scratch3/workspace/juelinliu_umass_edu-gpu-mvr/gpu-mvr/dataset/hotpot/gpu_mvr_2m --k 100 --nq -1 --warmup 5 --concurrent-queries 1 --config-file /scratch3/workspace/juelinliu_umass_edu-gpu-mvr/gpu-mvr/config/tmp/chimera_variant_targets/20260429T164347Z/hotpot/chimera/targets090_095_slots1_runs3.csv,,1,3022.158,,2.396,-1,32,5
chimera_variant_targets,chimera,hotpot,0.90,q4,r090_q4_run3,1,100,3,0.9442,0.91401,0.91401,333.381,2.999,2.942,3.228,3.325,5.534,6.828,0.412,,160,5000,500,224,6,gpu_search,/scratch3/workspace/juelinliu_umass_edu-gpu-mvr/gpu-mvr/profiling/chimera_variant_targets/logs/20260429T164347Z/hotpot/chimera/targets090_095_slots1_runs3.log,0,/scratch3/workspace/juelinliu_umass_edu-gpu-mvr/gpu-mvr/gpu-mvr/build/gpu_search --query /scratch3/workspace/juelinliu_umass_edu-gpu-mvr/gpu-mvr/dataset/hotpot/raw/query.bin --gt /scratch3/workspace/juelinliu_umass_edu-gpu-mvr/gpu-mvr/dataset/hotpot/raw/gt.tsv --index /scratch3/workspace/juelinliu_umass_edu-gpu-mvr/gpu-mvr/dataset/hotpot/gpu_mvr_2m --k 100 --nq -1 --warmup 5 --concurrent-queries 1 --config-file /scratch3/workspace/juelinliu_umass_edu-gpu-mvr/gpu-mvr/config/tmp/chimera_variant_targets/20260429T164347Z/hotpot/chimera/targets090_095_slots1_runs3.csv,,1,2999.568,,2.373,-1,32,5
chimera_variant_targets,chimera,hotpot,0.95,q9,r095_q9_run1,1,100,1,0.9495,0.9501,0.9501,132.267,7.560,7.487,8.253,8.447,10.146,12.329,0.663,,384,28000,1800,448,5,gpu_search,/scratch3/workspace/juelinliu_umass_edu-gpu-mvr/gpu-mvr/profiling/chimera_variant_targets/logs/20260429T164347Z/hotpot/chimera/targets090_095_slots1_runs3.log,0,/scratch3/workspace/juelinliu_umass_edu-gpu-mvr/gpu-mvr/gpu-mvr/build/gpu_search --query /scratch3/workspace/juelinliu_umass_edu-gpu-mvr/gpu-mvr/dataset/hotpot/raw/query.bin --gt /scratch3/workspace/juelinliu_umass_edu-gpu-mvr/gpu-mvr/dataset/hotpot/raw/gt.tsv --index /scratch3/workspace/juelinliu_umass_edu-gpu-mvr/gpu-mvr/dataset/hotpot/gpu_mvr_2m --k 100 --nq -1 --warmup 5 --concurrent-queries 1 --config-file /scratch3/workspace/juelinliu_umass_edu-gpu-mvr/gpu-mvr/config/tmp/chimera_variant_targets/20260429T164347Z/hotpot/chimera/targets090_095_slots1_runs3.csv,,1,7560.466,,5.915,-1,32,5
chimera_variant_targets,chimera,hotpot,0.95,q9,r095_q9_run2,1,100,2,0.9495,0.95012,0.95012,131.817,7.586,7.420,8.176,8.430,14.201,21.064,1.274,,384,28000,1800,448,5,gpu_search,/scratch3/workspace/juelinliu_umass_edu-gpu-mvr/gpu-mvr/profiling/chimera_variant_targets/logs/20260429T164347Z/hotpot/chimera/targets090_095_slots1_runs3.log,0,/scratch3/workspace/juelinliu_umass_edu-gpu-mvr/gpu-mvr/gpu-mvr/build/gpu_search --query /scratch3/workspace/juelinliu_umass_edu-gpu-mvr/gpu-mvr/dataset/hotpot/raw/query.bin --gt /scratch3/workspace/juelinliu_umass_edu-gpu-mvr/gpu-mvr/dataset/hotpot/raw/gt.tsv --index /scratch3/workspace/juelinliu_umass_edu-gpu-mvr/gpu-mvr/dataset/hotpot/gpu_mvr_2m --k 100 --nq -1 --warmup 5 --concurrent-queries 1 --config-file /scratch3/workspace/juelinliu_umass_edu-gpu-mvr/gpu-mvr/config/tmp/chimera_variant_targets/20260429T164347Z/hotpot/chimera/targets090_095_slots1_runs3.csv,,1,7586.293,,5.698,-1,32,5
chimera_variant_targets,chimera,hotpot,0.95,q9,r095_q9_run3,1,100,3,0.9495,0.95009,0.95009,132.091,7.570,7.422,8.178,8.400,14.921,16.543,1.151,10205.38,384,28000,1800,448,5,gpu_search,/scratch3/workspace/juelinliu_umass_edu-gpu-mvr/gpu-mvr/profiling/chimera_variant_targets/logs/20260429T164347Z/hotpot/chimera/targets090_095_slots1_runs3.log,0,/scratch3/workspace/juelinliu_umass_edu-gpu-mvr/gpu-mvr/gpu-mvr/build/gpu_search --query /scratch3/workspace/juelinliu_umass_edu-gpu-mvr/gpu-mvr/dataset/hotpot/raw/query.bin --gt /scratch3/workspace/juelinliu_umass_edu-gpu-mvr/gpu-mvr/dataset/hotpot/raw/gt.tsv --index /scratch3/workspace/juelinliu_umass_edu-gpu-mvr/gpu-mvr/dataset/hotpot/gpu_mvr_2m --k 100 --nq -1 --warmup 5 --concurrent-queries 1 --config-file /scratch3/workspace/juelinliu_umass_edu-gpu-mvr/gpu-mvr/config/tmp/chimera_variant_targets/20260429T164347Z/hotpot/chimera/targets090_095_slots1_runs3.csv,,1,7570.537,10205.38,5.819,-1,32,5
chimera_variant_targets,chimera_nolut,hotpot,0.90,q4,r090_q4_run1,1,100,1,0.9442,0.91393,0.91393,244.214,4.092,3.934,4.406,4.603,9.544,13.138,0.956,,160,5000,500,224,6,gpu_search_nolut,/scratch3/workspace/juelinliu_umass_edu-gpu-mvr/gpu-mvr/profiling/chimera_variant_targets/logs/20260429T164347Z/hotpot/chimera_nolut/targets090_095_slots1_runs3.log,0,/scratch3/workspace/juelinliu_umass_edu-gpu-mvr/gpu-mvr/gpu-mvr/build/gpu_search_nolut --query /scratch3/workspace/juelinliu_umass_edu-gpu-mvr/gpu-mvr/dataset/hotpot/raw/query.bin --gt /scratch3/workspace/juelinliu_umass_edu-gpu-mvr/gpu-mvr/dataset/hotpot/raw/gt.tsv --index /scratch3/workspace/juelinliu_umass_edu-gpu-mvr/gpu-mvr/dataset/hotpot/gpu_mvr_2m --k 100 --nq -1 --warmup 5 --concurrent-queries 1 --config-file /scratch3/workspace/juelinliu_umass_edu-gpu-mvr/gpu-mvr/config/tmp/chimera_variant_targets/20260429T164347Z/hotpot/chimera_nolut/targets090_095_slots1_runs3.csv,,1,4094.770,,3.261,-1,32,5
chimera_variant_targets,chimera_nolut,hotpot,0.90,q4,r090_q4_run2,1,100,2,0.9443,0.91373,0.91373,252.703,3.957,3.856,4.323,4.478,7.250,12.370,0.702,,160,5000,500,224,6,gpu_search_nolut,/scratch3/workspace/juelinliu_umass_edu-gpu-mvr/gpu-mvr/profiling/chimera_variant_targets/logs/20260429T164347Z/hotpot/chimera_nolut/targets090_095_slots1_runs3.log,0,/scratch3/workspace/juelinliu_umass_edu-gpu-mvr/gpu-mvr/gpu-mvr/build/gpu_search_nolut --query /scratch3/workspace/juelinliu_umass_edu-gpu-mvr/gpu-mvr/dataset/hotpot/raw/query.bin --gt /scratch3/workspace/juelinliu_umass_edu-gpu-mvr/gpu-mvr/dataset/hotpot/raw/gt.tsv --index /scratch3/workspace/juelinliu_umass_edu-gpu-mvr/gpu-mvr/dataset/hotpot/gpu_mvr_2m --k 100 --nq -1 --warmup 5 --concurrent-queries 1 --config-file /scratch3/workspace/juelinliu_umass_edu-gpu-mvr/gpu-mvr/config/tmp/chimera_variant_targets/20260429T164347Z/hotpot/chimera_nolut/targets090_095_slots1_runs3.csv,,1,3957.218,,3.149,-1,32,5
chimera_variant_targets,chimera_nolut,hotpot,0.90,q4,r090_q4_run3,1,100,3,0.9443,0.91385,0.91385,254.903,3.923,3.786,4.236,4.378,5.034,19.651,1.138,,160,5000,500,224,6,gpu_search_nolut,/scratch3/workspace/juelinliu_umass_edu-gpu-mvr/gpu-mvr/profiling/chimera_variant_targets/logs/20260429T164347Z/hotpot/chimera_nolut/targets090_095_slots1_runs3.log,0,/scratch3/workspace/juelinliu_umass_edu-gpu-mvr/gpu-mvr/gpu-mvr/build/gpu_search_nolut --query /scratch3/workspace/juelinliu_umass_edu-gpu-mvr/gpu-mvr/dataset/hotpot/raw/query.bin --gt /scratch3/workspace/juelinliu_umass_edu-gpu-mvr/gpu-mvr/dataset/hotpot/raw/gt.tsv --index /scratch3/workspace/juelinliu_umass_edu-gpu-mvr/gpu-mvr/dataset/hotpot/gpu_mvr_2m --k 100 --nq -1 --warmup 5 --concurrent-queries 1 --config-file /scratch3/workspace/juelinliu_umass_edu-gpu-mvr/gpu-mvr/config/tmp/chimera_variant_targets/20260429T164347Z/hotpot/chimera_nolut/targets090_095_slots1_runs3.csv,,1,3923.066,,3.063,-1,32,5
chimera_variant_targets,chimera_nolut,hotpot,0.95,q9,r095_q9_run1,1,100,1,0.9495,0.95012,0.95012,94.990,10.527,10.389,11.446,11.901,14.890,25.275,1.112,,384,28000,1800,448,5,gpu_search_nolut,/scratch3/workspace/juelinliu_umass_edu-gpu-mvr/gpu-mvr/profiling/chimera_variant_targets/logs/20260429T164347Z/hotpot/chimera_nolut/targets090_095_slots1_runs3.log,0,/scratch3/workspace/juelinliu_umass_edu-gpu-mvr/gpu-mvr/gpu-mvr/build/gpu_search_nolut --query /scratch3/workspace/juelinliu_umass_edu-gpu-mvr/gpu-mvr/dataset/hotpot/raw/query.bin --gt /scratch3/workspace/juelinliu_umass_edu-gpu-mvr/gpu-mvr/dataset/hotpot/raw/gt.tsv --index /scratch3/workspace/juelinliu_umass_edu-gpu-mvr/gpu-mvr/dataset/hotpot/gpu_mvr_2m --k 100 --nq -1 --warmup 5 --concurrent-queries 1 --config-file /scratch3/workspace/juelinliu_umass_edu-gpu-mvr/gpu-mvr/config/tmp/chimera_variant_targets/20260429T164347Z/hotpot/chimera_nolut/targets090_095_slots1_runs3.csv,,1,10527.377,,8.575,-1,32,5
chimera_variant_targets,chimera_nolut,hotpot,0.95,q9,r095_q9_run2,1,100,2,0.9495,0.95005,0.95005,96.167,10.398,10.296,11.319,11.605,13.377,17.922,0.947,,384,28000,1800,448,5,gpu_search_nolut,/scratch3/workspace/juelinliu_umass_edu-gpu-mvr/gpu-mvr/profiling/chimera_variant_targets/logs/20260429T164347Z/hotpot/chimera_nolut/targets090_095_slots1_runs3.log,0,/scratch3/workspace/juelinliu_umass_edu-gpu-mvr/gpu-mvr/gpu-mvr/build/gpu_search_nolut --query /scratch3/workspace/juelinliu_umass_edu-gpu-mvr/gpu-mvr/dataset/hotpot/raw/query.bin --gt /scratch3/workspace/juelinliu_umass_edu-gpu-mvr/gpu-mvr/dataset/hotpot/raw/gt.tsv --index /scratch3/workspace/juelinliu_umass_edu-gpu-mvr/gpu-mvr/dataset/hotpot/gpu_mvr_2m --k 100 --nq -1 --warmup 5 --concurrent-queries 1 --config-file /scratch3/workspace/juelinliu_umass_edu-gpu-mvr/gpu-mvr/config/tmp/chimera_variant_targets/20260429T164347Z/hotpot/chimera_nolut/targets090_095_slots1_runs3.csv,,1,10398.573,,8.037,-1,32,5
chimera_variant_targets,chimera_nolut,hotpot,0.95,q9,r095_q9_run3,1,100,3,0.9495,0.95011,0.95011,96.455,10.367,10.289,11.281,11.577,12.916,17.249,0.889,10205.38,384,28000,1800,448,5,gpu_search_nolut,/scratch3/workspace/juelinliu_umass_edu-gpu-mvr/gpu-mvr/profiling/chimera_variant_targets/logs/20260429T164347Z/hotpot/chimera_nolut/targets090_095_slots1_runs3.log,0,/scratch3/workspace/juelinliu_umass_edu-gpu-mvr/gpu-mvr/gpu-mvr/build/gpu_search_nolut --query /scratch3/workspace/juelinliu_umass_edu-gpu-mvr/gpu-mvr/dataset/hotpot/raw/query.bin --gt /scratch3/workspace/juelinliu_umass_edu-gpu-mvr/gpu-mvr/dataset/hotpot/raw/gt.tsv --index /scratch3/workspace/juelinliu_umass_edu-gpu-mvr/gpu-mvr/dataset/hotpot/gpu_mvr_2m --k 100 --nq -1 --warmup 5 --concurrent-queries 1 --config-file /scratch3/workspace/juelinliu_umass_edu-gpu-mvr/gpu-mvr/config/tmp/chimera_variant_targets/20260429T164347Z/hotpot/chimera_nolut/targets090_095_slots1_runs3.csv,,1,10367.529,10205.38,7.916,-1,32,5
chimera_variant_targets,chimera_nosum,hotpot,0.90,q4,r090_q4_run1,1,100,1,0.9441,0.914,0.914,193.481,5.165,5.120,5.569,5.710,9.789,15.220,1.030,,160,5000,500,224,6,gpu_search_nosum,/scratch3/workspace/juelinliu_umass_edu-gpu-mvr/gpu-mvr/profiling/chimera_variant_targets/logs/20260429T164347Z/hotpot/chimera_nosum/targets090_095_slots1_runs3.log,0,/scratch3/workspace/juelinliu_umass_edu-gpu-mvr/gpu-mvr/gpu-mvr/build/gpu_search_nosum --query /scratch3/workspace/juelinliu_umass_edu-gpu-mvr/gpu-mvr/dataset/hotpot/raw/query.bin --gt /scratch3/workspace/juelinliu_umass_edu-gpu-mvr/gpu-mvr/dataset/hotpot/raw/gt.tsv --index /scratch3/workspace/juelinliu_umass_edu-gpu-mvr/gpu-mvr/dataset/hotpot/gpu_mvr_2m --k 100 --nq -1 --warmup 5 --concurrent-queries 1 --config-file /scratch3/workspace/juelinliu_umass_edu-gpu-mvr/gpu-mvr/config/tmp/chimera_variant_targets/20260429T164347Z/hotpot/chimera_nosum/targets090_095_slots1_runs3.csv,,1,5168.469,,3.096,-1,32,5
chimera_variant_targets,chimera_nosum,hotpot,0.90,q4,r090_q4_run2,1,100,2,0.9442,0.91391,0.91391,194.903,5.126,5.120,5.562,5.696,8.785,13.398,0.822,,160,5000,500,224,6,gpu_search_nosum,/scratch3/workspace/juelinliu_umass_edu-gpu-mvr/gpu-mvr/profiling/chimera_variant_targets/logs/20260429T164347Z/hotpot/chimera_nosum/targets090_095_slots1_runs3.log,0,/scratch3/workspace/juelinliu_umass_edu-gpu-mvr/gpu-mvr/gpu-mvr/build/gpu_search_nosum --query /scratch3/workspace/juelinliu_umass_edu-gpu-mvr/gpu-mvr/dataset/hotpot/raw/query.bin --gt /scratch3/workspace/juelinliu_umass_edu-gpu-mvr/gpu-mvr/dataset/hotpot/raw/gt.tsv --index /scratch3/workspace/juelinliu_umass_edu-gpu-mvr/gpu-mvr/dataset/hotpot/gpu_mvr_2m --k 100 --nq -1 --warmup 5 --concurrent-queries 1 --config-file /scratch3/workspace/juelinliu_umass_edu-gpu-mvr/gpu-mvr/config/tmp/chimera_variant_targets/20260429T164347Z/hotpot/chimera_nosum/targets090_095_slots1_runs3.csv,,1,5130.755,,3.154,-1,32,5
chimera_variant_targets,chimera_nosum,hotpot,0.90,q4,r090_q4_run3,1,100,3,0.9444,0.9139,0.9139,195.165,5.120,5.129,5.568,5.672,7.689,13.595,0.853,,160,5000,500,224,6,gpu_search_nosum,/scratch3/workspace/juelinliu_umass_edu-gpu-mvr/gpu-mvr/profiling/chimera_variant_targets/logs/20260429T164347Z/hotpot/chimera_nosum/targets090_095_slots1_runs3.log,0,/scratch3/workspace/juelinliu_umass_edu-gpu-mvr/gpu-mvr/gpu-mvr/build/gpu_search_nosum --query /scratch3/workspace/juelinliu_umass_edu-gpu-mvr/gpu-mvr/dataset/hotpot/raw/query.bin --gt /scratch3/workspace/juelinliu_umass_edu-gpu-mvr/gpu-mvr/dataset/hotpot/raw/gt.tsv --index /scratch3/workspace/juelinliu_umass_edu-gpu-mvr/gpu-mvr/dataset/hotpot/gpu_mvr_2m --k 100 --nq -1 --warmup 5 --concurrent-queries 1 --config-file /scratch3/workspace/juelinliu_umass_edu-gpu-mvr/gpu-mvr/config/tmp/chimera_variant_targets/20260429T164347Z/hotpot/chimera_nosum/targets090_095_slots1_runs3.csv,,1,5123.882,,3.183,-1,32,5
chimera_variant_targets,chimera_nosum,hotpot,0.95,q9,r095_q9_run1,1,100,1,0.9495,0.95008,0.95008,106.641,9.377,9.227,9.952,10.447,14.120,23.629,1.193,,384,28000,1800,448,5,gpu_search_nosum,/scratch3/workspace/juelinliu_umass_edu-gpu-mvr/gpu-mvr/profiling/chimera_variant_targets/logs/20260429T164347Z/hotpot/chimera_nosum/targets090_095_slots1_runs3.log,0,/scratch3/workspace/juelinliu_umass_edu-gpu-mvr/gpu-mvr/gpu-mvr/build/gpu_search_nosum --query /scratch3/workspace/juelinliu_umass_edu-gpu-mvr/gpu-mvr/dataset/hotpot/raw/query.bin --gt /scratch3/workspace/juelinliu_umass_edu-gpu-mvr/gpu-mvr/dataset/hotpot/raw/gt.tsv --index /scratch3/workspace/juelinliu_umass_edu-gpu-mvr/gpu-mvr/dataset/hotpot/gpu_mvr_2m --k 100 --nq -1 --warmup 5 --concurrent-queries 1 --config-file /scratch3/workspace/juelinliu_umass_edu-gpu-mvr/gpu-mvr/config/tmp/chimera_variant_targets/20260429T164347Z/hotpot/chimera_nosum/targets090_095_slots1_runs3.csv,,1,9377.234,,6.813,-1,32,5
chimera_variant_targets,chimera_nosum,hotpot,0.95,q9,r095_q9_run2,1,100,2,0.9495,0.95011,0.95011,108.348,9.229,9.151,9.853,10.056,13.026,15.877,0.812,,384,28000,1800,448,5,gpu_search_nosum,/scratch3/workspace/juelinliu_umass_edu-gpu-mvr/gpu-mvr/profiling/chimera_variant_targets/logs/20260429T164347Z/hotpot/chimera_nosum/targets090_095_slots1_runs3.log,0,/scratch3/workspace/juelinliu_umass_edu-gpu-mvr/gpu-mvr/gpu-mvr/build/gpu_search_nosum --query /scratch3/workspace/juelinliu_umass_edu-gpu-mvr/gpu-mvr/dataset/hotpot/raw/query.bin --gt /scratch3/workspace/juelinliu_umass_edu-gpu-mvr/gpu-mvr/dataset/hotpot/raw/gt.tsv --index /scratch3/workspace/juelinliu_umass_edu-gpu-mvr/gpu-mvr/dataset/hotpot/gpu_mvr_2m --k 100 --nq -1 --warmup 5 --concurrent-queries 1 --config-file /scratch3/workspace/juelinliu_umass_edu-gpu-mvr/gpu-mvr/config/tmp/chimera_variant_targets/20260429T164347Z/hotpot/chimera_nosum/targets090_095_slots1_runs3.csv,,1,9229.496,,6.774,-1,32,5
chimera_variant_targets,chimera_nosum,hotpot,0.95,q9,r095_q9_run3,1,100,3,0.9495,0.95006,0.95006,108.544,9.212,9.146,9.837,10.015,12.928,16.701,0.816,10205.38,384,28000,1800,448,5,gpu_search_nosum,/scratch3/workspace/juelinliu_umass_edu-gpu-mvr/gpu-mvr/profiling/chimera_variant_targets/logs/20260429T164347Z/hotpot/chimera_nosum/targets090_095_slots1_runs3.log,0,/scratch3/workspace/juelinliu_umass_edu-gpu-mvr/gpu-mvr/gpu-mvr/build/gpu_search_nosum --query /scratch3/workspace/juelinliu_umass_edu-gpu-mvr/gpu-mvr/dataset/hotpot/raw/query.bin --gt /scratch3/workspace/juelinliu_umass_edu-gpu-mvr/gpu-mvr/dataset/hotpot/raw/gt.tsv --index /scratch3/workspace/juelinliu_umass_edu-gpu-mvr/gpu-mvr/dataset/hotpot/gpu_mvr_2m --k 100 --nq -1 --warmup 5 --concurrent-queries 1 --config-file /scratch3/workspace/juelinliu_umass_edu-gpu-mvr/gpu-mvr/config/tmp/chimera_variant_targets/20260429T164347Z/hotpot/chimera_nosum/targets090_095_slots1_runs3.csv,,1,9212.885,10205.38,6.778,-1,32,5
chimera_variant_targets,chimera_nolut_nosum,hotpot,0.90,q4,r090_q4_run1,1,100,1,0.944,0.91396,0.91396,166.888,5.988,5.848,6.604,6.830,12.655,20.108,1.321,,160,5000,500,224,6,gpu_search_nolut_nosum,/scratch3/workspace/juelinliu_umass_edu-gpu-mvr/gpu-mvr/profiling/chimera_variant_targets/logs/20260429T164347Z/hotpot/chimera_nolut_nosum/targets090_095_slots1_runs3.log,0,/scratch3/workspace/juelinliu_umass_edu-gpu-mvr/gpu-mvr/gpu-mvr/build/gpu_search_nolut_nosum --query /scratch3/workspace/juelinliu_umass_edu-gpu-mvr/gpu-mvr/dataset/hotpot/raw/query.bin --gt /scratch3/workspace/juelinliu_umass_edu-gpu-mvr/gpu-mvr/dataset/hotpot/raw/gt.tsv --index /scratch3/workspace/juelinliu_umass_edu-gpu-mvr/gpu-mvr/dataset/hotpot/gpu_mvr_2m --k 100 --nq -1 --warmup 5 --concurrent-queries 1 --config-file /scratch3/workspace/juelinliu_umass_edu-gpu-mvr/gpu-mvr/config/tmp/chimera_variant_targets/20260429T164347Z/hotpot/chimera_nolut_nosum/targets090_095_slots1_runs3.csv,,1,5992.057,,4.058,-1,32,5
chimera_variant_targets,chimera_nolut_nosum,hotpot,0.90,q4,r090_q4_run2,1,100,2,0.9443,0.91368,0.91368,167.919,5.955,5.834,6.594,6.867,10.715,17.500,1.101,,160,5000,500,224,6,gpu_search_nolut_nosum,/scratch3/workspace/juelinliu_umass_edu-gpu-mvr/gpu-mvr/profiling/chimera_variant_targets/logs/20260429T164347Z/hotpot/chimera_nolut_nosum/targets090_095_slots1_runs3.log,0,/scratch3/workspace/juelinliu_umass_edu-gpu-mvr/gpu-mvr/gpu-mvr/build/gpu_search_nolut_nosum --query /scratch3/workspace/juelinliu_umass_edu-gpu-mvr/gpu-mvr/dataset/hotpot/raw/query.bin --gt /scratch3/workspace/juelinliu_umass_edu-gpu-mvr/gpu-mvr/dataset/hotpot/raw/gt.tsv --index /scratch3/workspace/juelinliu_umass_edu-gpu-mvr/gpu-mvr/dataset/hotpot/gpu_mvr_2m --k 100 --nq -1 --warmup 5 --concurrent-queries 1 --config-file /scratch3/workspace/juelinliu_umass_edu-gpu-mvr/gpu-mvr/config/tmp/chimera_variant_targets/20260429T164347Z/hotpot/chimera_nolut_nosum/targets090_095_slots1_runs3.csv,,1,5955.264,,4.012,-1,32,5
chimera_variant_targets,chimera_nolut_nosum,hotpot,0.90,q4,r090_q4_run3,1,100,3,0.9444,0.91394,0.91394,170.905,5.850,5.818,6.522,6.736,7.320,13.786,0.740,,160,5000,500,224,6,gpu_search_nolut_nosum,/scratch3/workspace/juelinliu_umass_edu-gpu-mvr/gpu-mvr/profiling/chimera_variant_targets/logs/20260429T164347Z/hotpot/chimera_nolut_nosum/targets090_095_slots1_runs3.log,0,/scratch3/workspace/juelinliu_umass_edu-gpu-mvr/gpu-mvr/gpu-mvr/build/gpu_search_nolut_nosum --query /scratch3/workspace/juelinliu_umass_edu-gpu-mvr/gpu-mvr/dataset/hotpot/raw/query.bin --gt /scratch3/workspace/juelinliu_umass_edu-gpu-mvr/gpu-mvr/dataset/hotpot/raw/gt.tsv --index /scratch3/workspace/juelinliu_umass_edu-gpu-mvr/gpu-mvr/dataset/hotpot/gpu_mvr_2m --k 100 --nq -1 --warmup 5 --concurrent-queries 1 --config-file /scratch3/workspace/juelinliu_umass_edu-gpu-mvr/gpu-mvr/config/tmp/chimera_variant_targets/20260429T164347Z/hotpot/chimera_nolut_nosum/targets090_095_slots1_runs3.csv,,1,5851.195,,4.062,-1,32,5
chimera_variant_targets,chimera_nolut_nosum,hotpot,0.95,q9,r095_q9_run1,1,100,1,0.9495,0.95011,0.95011,81.464,12.275,12.154,13.164,13.570,18.307,20.351,1.115,,384,28000,1800,448,5,gpu_search_nolut_nosum,/scratch3/workspace/juelinliu_umass_edu-gpu-mvr/gpu-mvr/profiling/chimera_variant_targets/logs/20260429T164347Z/hotpot/chimera_nolut_nosum/targets090_095_slots1_runs3.log,0,/scratch3/workspace/juelinliu_umass_edu-gpu-mvr/gpu-mvr/gpu-mvr/build/gpu_search_nolut_nosum --query /scratch3/workspace/juelinliu_umass_edu-gpu-mvr/gpu-mvr/dataset/hotpot/raw/query.bin --gt /scratch3/workspace/juelinliu_umass_edu-gpu-mvr/gpu-mvr/dataset/hotpot/raw/gt.tsv --index /scratch3/workspace/juelinliu_umass_edu-gpu-mvr/gpu-mvr/dataset/hotpot/gpu_mvr_2m --k 100 --nq -1 --warmup 5 --concurrent-queries 1 --config-file /scratch3/workspace/juelinliu_umass_edu-gpu-mvr/gpu-mvr/config/tmp/chimera_variant_targets/20260429T164347Z/hotpot/chimera_nolut_nosum/targets090_095_slots1_runs3.csv,,1,12275.390,,9.337,-1,32,5
chimera_variant_targets,chimera_nolut_nosum,hotpot,0.95,q9,r095_q9_run2,1,100,2,0.9495,0.95014,0.95014,82.200,12.161,12.114,13.088,13.373,14.775,19.168,0.877,,384,28000,1800,448,5,gpu_search_nolut_nosum,/scratch3/workspace/juelinliu_umass_edu-gpu-mvr/gpu-mvr/profiling/chimera_variant_targets/logs/20260429T164347Z/hotpot/chimera_nolut_nosum/targets090_095_slots1_runs3.log,0,/scratch3/workspace/juelinliu_umass_edu-gpu-mvr/gpu-mvr/gpu-mvr/build/gpu_search_nolut_nosum --query /scratch3/workspace/juelinliu_umass_edu-gpu-mvr/gpu-mvr/dataset/hotpot/raw/query.bin --gt /scratch3/workspace/juelinliu_umass_edu-gpu-mvr/gpu-mvr/dataset/hotpot/raw/gt.tsv --index /scratch3/workspace/juelinliu_umass_edu-gpu-mvr/gpu-mvr/dataset/hotpot/gpu_mvr_2m --k 100 --nq -1 --warmup 5 --concurrent-queries 1 --config-file /scratch3/workspace/juelinliu_umass_edu-gpu-mvr/gpu-mvr/config/tmp/chimera_variant_targets/20260429T164347Z/hotpot/chimera_nolut_nosum/targets090_095_slots1_runs3.csv,,1,12165.397,,9.209,-1,32,5
chimera_variant_targets,chimera_nolut_nosum,hotpot,0.95,q9,r095_q9_run3,1,100,3,0.9495,0.95011,0.95011,82.371,12.140,12.094,13.049,13.305,14.600,19.634,0.861,10205.38,384,28000,1800,448,5,gpu_search_nolut_nosum,/scratch3/workspace/juelinliu_umass_edu-gpu-mvr/gpu-mvr/profiling/chimera_variant_targets/logs/20260429T164347Z/hotpot/chimera_nolut_nosum/targets090_095_slots1_runs3.log,0,/scratch3/workspace/juelinliu_umass_edu-gpu-mvr/gpu-mvr/gpu-mvr/build/gpu_search_nolut_nosum --query /scratch3/workspace/juelinliu_umass_edu-gpu-mvr/gpu-mvr/dataset/hotpot/raw/query.bin --gt /scratch3/workspace/juelinliu_umass_edu-gpu-mvr/gpu-mvr/dataset/hotpot/raw/gt.tsv --index /scratch3/workspace/juelinliu_umass_edu-gpu-mvr/gpu-mvr/dataset/hotpot/gpu_mvr_2m --k 100 --nq -1 --warmup 5 --concurrent-queries 1 --config-file /scratch3/workspace/juelinliu_umass_edu-gpu-mvr/gpu-mvr/config/tmp/chimera_variant_targets/20260429T164347Z/hotpot/chimera_nolut_nosum/targets090_095_slots1_runs3.csv,,1,12140.162,10205.38,9.260,-1,32,5
chimera_variant_targets,v9,hotpot,0.90,q4,r090_q4_run1,1,100,1,0.9444,0.91381,0.91381,327.472,3.053,2.936,3.206,3.319,7.598,12.655,0.890,,160,5000,500,224,6,gpu_search_v9,/scratch3/workspace/juelinliu_umass_edu-gpu-mvr/gpu-mvr/profiling/chimera_variant_targets/logs/20260429T164347Z/hotpot/v9/targets090_095_slots1_runs3.log,0,/scratch3/workspace/juelinliu_umass_edu-gpu-mvr/gpu-mvr/gpu-mvr/build/gpu_search_v9 --query /scratch3/workspace/juelinliu_umass_edu-gpu-mvr/gpu-mvr/dataset/hotpot/raw/query.bin --gt /scratch3/workspace/juelinliu_umass_edu-gpu-mvr/gpu-mvr/dataset/hotpot/raw/gt.tsv --index /scratch3/workspace/juelinliu_umass_edu-gpu-mvr/gpu-mvr/dataset/hotpot/gpu_mvr_2m --k 100 --nq -1 --warmup 5 --concurrent-queries 1 --config-file /scratch3/workspace/juelinliu_umass_edu-gpu-mvr/gpu-mvr/config/tmp/chimera_variant_targets/20260429T164347Z/hotpot/v9/targets090_095_slots1_runs3.csv,,1,3053.692,,2.421,-1,32,5
chimera_variant_targets,v9,hotpot,0.90,q4,r090_q4_run2,1,100,2,0.9441,0.91383,0.91383,331.568,3.015,2.898,3.183,3.298,6.820,12.464,0.852,,160,5000,500,224,6,gpu_search_v9,/scratch3/workspace/juelinliu_umass_edu-gpu-mvr/gpu-mvr/profiling/chimera_variant_targets/logs/20260429T164347Z/hotpot/v9/targets090_095_slots1_runs3.log,0,/scratch3/workspace/juelinliu_umass_edu-gpu-mvr/gpu-mvr/gpu-mvr/build/gpu_search_v9 --query /scratch3/workspace/juelinliu_umass_edu-gpu-mvr/gpu-mvr/dataset/hotpot/raw/query.bin --gt /scratch3/workspace/juelinliu_umass_edu-gpu-mvr/gpu-mvr/dataset/hotpot/raw/gt.tsv --index /scratch3/workspace/juelinliu_umass_edu-gpu-mvr/gpu-mvr/dataset/hotpot/gpu_mvr_2m --k 100 --nq -1 --warmup 5 --concurrent-queries 1 --config-file /scratch3/workspace/juelinliu_umass_edu-gpu-mvr/gpu-mvr/config/tmp/chimera_variant_targets/20260429T164347Z/hotpot/v9/targets090_095_slots1_runs3.csv,,1,3015.972,,2.311,-1,32,5
chimera_variant_targets,v9,hotpot,0.90,q4,r090_q4_run3,1,100,3,0.9443,0.91396,0.91396,339.137,2.947,2.890,3.169,3.263,3.642,10.750,0.550,,160,5000,500,224,6,gpu_search_v9,/scratch3/workspace/juelinliu_umass_edu-gpu-mvr/gpu-mvr/profiling/chimera_variant_targets/logs/20260429T164347Z/hotpot/v9/targets090_095_slots1_runs3.log,0,/scratch3/workspace/juelinliu_umass_edu-gpu-mvr/gpu-mvr/gpu-mvr/build/gpu_search_v9 --query /scratch3/workspace/juelinliu_umass_edu-gpu-mvr/gpu-mvr/dataset/hotpot/raw/query.bin --gt /scratch3/workspace/juelinliu_umass_edu-gpu-mvr/gpu-mvr/dataset/hotpot/raw/gt.tsv --index /scratch3/workspace/juelinliu_umass_edu-gpu-mvr/gpu-mvr/dataset/hotpot/gpu_mvr_2m --k 100 --nq -1 --warmup 5 --concurrent-queries 1 --config-file /scratch3/workspace/juelinliu_umass_edu-gpu-mvr/gpu-mvr/config/tmp/chimera_variant_targets/20260429T164347Z/hotpot/v9/targets090_095_slots1_runs3.csv,,1,2948.661,,2.325,-1,32,5
chimera_variant_targets,v9,hotpot,0.95,q9,r095_q9_run1,1,100,1,0.9495,0.9501,0.9501,143.731,6.957,6.857,7.513,7.750,13.342,15.257,0.915,,384,28000,1800,448,5,gpu_search_v9,/scratch3/workspace/juelinliu_umass_edu-gpu-mvr/gpu-mvr/profiling/chimera_variant_targets/logs/20260429T164347Z/hotpot/v9/targets090_095_slots1_runs3.log,0,/scratch3/workspace/juelinliu_umass_edu-gpu-mvr/gpu-mvr/gpu-mvr/build/gpu_search_v9 --query /scratch3/workspace/juelinliu_umass_edu-gpu-mvr/gpu-mvr/dataset/hotpot/raw/query.bin --gt /scratch3/workspace/juelinliu_umass_edu-gpu-mvr/gpu-mvr/dataset/hotpot/raw/gt.tsv --index /scratch3/workspace/juelinliu_umass_edu-gpu-mvr/gpu-mvr/dataset/hotpot/gpu_mvr_2m --k 100 --nq -1 --warmup 5 --concurrent-queries 1 --config-file /scratch3/workspace/juelinliu_umass_edu-gpu-mvr/gpu-mvr/config/tmp/chimera_variant_targets/20260429T164347Z/hotpot/v9/targets090_095_slots1_runs3.csv,,1,6957.455,,5.621,-1,32,5
chimera_variant_targets,v9,hotpot,0.95,q9,r095_q9_run2,1,100,2,0.9495,0.95016,0.95016,146.846,6.809,6.735,7.373,7.582,8.354,14.231,0.781,,384,28000,1800,448,5,gpu_search_v9,/scratch3/workspace/juelinliu_umass_edu-gpu-mvr/gpu-mvr/profiling/chimera_variant_targets/logs/20260429T164347Z/hotpot/v9/targets090_095_slots1_runs3.log,0,/scratch3/workspace/juelinliu_umass_edu-gpu-mvr/gpu-mvr/gpu-mvr/build/gpu_search_v9 --query /scratch3/workspace/juelinliu_umass_edu-gpu-mvr/gpu-mvr/dataset/hotpot/raw/query.bin --gt /scratch3/workspace/juelinliu_umass_edu-gpu-mvr/gpu-mvr/dataset/hotpot/raw/gt.tsv --index /scratch3/workspace/juelinliu_umass_edu-gpu-mvr/gpu-mvr/dataset/hotpot/gpu_mvr_2m --k 100 --nq -1 --warmup 5 --concurrent-queries 1 --config-file /scratch3/workspace/juelinliu_umass_edu-gpu-mvr/gpu-mvr/config/tmp/chimera_variant_targets/20260429T164347Z/hotpot/v9/targets090_095_slots1_runs3.csv,,1,6809.870,,5.406,-1,32,5
chimera_variant_targets,v9,hotpot,0.95,q9,r095_q9_run3,1,100,3,0.9495,0.95011,0.95011,149.427,6.692,6.657,7.271,7.460,7.743,9.663,0.458,15605.38,384,28000,1800,448,5,gpu_search_v9,/scratch3/workspace/juelinliu_umass_edu-gpu-mvr/gpu-mvr/profiling/chimera_variant_targets/logs/20260429T164347Z/hotpot/v9/targets090_095_slots1_runs3.log,0,/scratch3/workspace/juelinliu_umass_edu-gpu-mvr/gpu-mvr/gpu-mvr/build/gpu_search_v9 --query /scratch3/workspace/juelinliu_umass_edu-gpu-mvr/gpu-mvr/dataset/hotpot/raw/query.bin --gt /scratch3/workspace/juelinliu_umass_edu-gpu-mvr/gpu-mvr/dataset/hotpot/raw/gt.tsv --index /scratch3/workspace/juelinliu_umass_edu-gpu-mvr/gpu-mvr/dataset/hotpot/gpu_mvr_2m --k 100 --nq -1 --warmup 5 --concurrent-queries 1 --config-file /scratch3/workspace/juelinliu_umass_edu-gpu-mvr/gpu-mvr/config/tmp/chimera_variant_targets/20260429T164347Z/hotpot/v9/targets090_095_slots1_runs3.csv,,1,6692.226,15605.38,5.374,-1,32,5
