system,dataset,label,slots,k,runs,rows,recall_mean,recall_std,recall_at_10_mean,recall_at_10_std,recall_at_100_mean,recall_at_100_std,qps_mean,qps_std,avg_latency_ms_mean,avg_latency_ms_std,p50_ms_mean,p90_ms_mean,p95_ms_mean,p99_ms_mean,max_ms_mean,stddev_ms_mean,gpu_mem_peak_mib_mean,gpu_mem_peak_mib_std,gpu_mem_peak_mib_max,max_ms_std,p50_ms_std,p90_ms_std,p95_ms_std,p99_ms_std,stddev_ms_std
chimera,hotpot,a1,1,100,3,3,0.539693,0.000099,0.809800,0.000436,0.539693,0.000099,604.688667,23.966680,1.652000,0.065368,1.589333,1.720667,1.762000,4.138333,10.258667,0.669333,,,,0.979526,0.068923,0.030238,0.032924,1.987331,0.029400
chimera,hotpot,a2,1,100,3,3,0.614773,0.000143,0.852033,0.000404,0.614773,0.000143,623.559667,27.465953,1.605333,0.072286,1.539000,1.711000,1.751333,2.122333,14.911667,0.763667,,,,4.471620,0.072794,0.021656,0.031501,0.259610,0.226014
chimera,hotpot,a3,1,100,3,3,0.656640,0.000135,0.861333,0.000404,0.656640,0.000135,683.710333,36.302587,1.464667,0.078768,1.455333,1.579000,1.616667,1.795667,6.618667,0.224333,,,,1.705809,0.081427,0.127071,0.134188,0.286235,0.095296
chimera,hotpot,a4,1,100,3,3,0.588937,0.000071,0.856967,0.000058,0.588937,0.000071,683.948000,12.018374,1.462000,0.025239,1.450333,1.539667,1.570000,1.699000,5.566000,0.169000,,,,0.064583,0.025423,0.028572,0.028583,0.062554,0.013528
chimera,hotpot,b1,1,100,3,3,0.662087,0.000046,0.891800,0.000265,0.662087,0.000046,602.861000,16.793039,1.658667,0.046608,1.646667,1.775333,1.822000,1.964000,5.801333,0.183667,,,,0.191586,0.048748,0.070812,0.078823,0.045133,0.017039
chimera,hotpot,b2,1,100,3,3,0.725923,0.000025,0.909300,0.000100,0.725923,0.000025,615.477667,17.194762,1.625000,0.045826,1.598333,1.739667,1.795667,1.964333,6.020333,0.227667,,,,0.730714,0.050846,0.041861,0.039929,0.060451,0.084317
chimera,hotpot,b3,1,100,3,3,0.726597,0.000144,0.908267,0.000115,0.726597,0.000144,567.364667,29.858681,1.765000,0.091995,1.744000,1.885667,1.939000,2.411000,7.055000,0.248667,,,,0.078924,0.088221,0.082857,0.083361,0.442003,0.045567
chimera,hotpot,b4,1,100,3,3,0.776600,0.000144,0.919967,0.000321,0.776600,0.000144,583.658333,9.189145,1.713333,0.027062,1.695667,1.830667,1.876000,2.144000,5.817333,0.198333,,,,0.076872,0.025007,0.015695,0.019000,0.165502,0.019604
chimera,hotpot,c1,1,100,3,3,0.821067,0.000118,0.927033,0.000058,0.821067,0.000118,574.486000,10.942567,1.740667,0.032808,1.725000,1.861667,1.905333,2.040333,6.367667,0.193667,,,,0.756318,0.036428,0.022898,0.025968,0.069974,0.018502
chimera,hotpot,c2,1,100,3,3,0.806310,0.000030,0.924933,0.000058,0.806310,0.000030,515.686667,5.440541,1.939000,0.020075,1.920333,2.072333,2.126333,2.304667,6.137333,0.205333,,,,0.199756,0.018475,0.021385,0.018175,0.084032,0.012897
chimera,hotpot,c3,1,100,3,3,0.840680,0.000085,0.931333,0.000153,0.840680,0.000085,523.421000,5.308566,1.910333,0.019732,1.899333,2.059333,2.104667,2.209000,5.930000,0.184333,,,,0.254000,0.021502,0.019088,0.021962,0.020224,0.016258
chimera,hotpot,d1,1,100,3,3,0.872980,0.000056,0.938767,0.000208,0.872980,0.000056,450.306000,2.748330,2.220333,0.013577,2.199000,2.383667,2.444333,2.601000,7.249333,0.242333,,,,1.436235,0.014799,0.008505,0.014295,0.023388,0.039374
chimera,hotpot,e1,1,100,3,3,0.869707,0.000174,0.937733,0.000404,0.869707,0.000174,477.526667,17.224604,2.095333,0.076709,2.062333,2.237000,2.304000,2.893333,8.724667,0.370000,,,,3.965192,0.056199,0.085035,0.096005,0.641436,0.215933
chimera,hotpot,e2,1,100,3,3,0.851677,0.000119,0.935533,0.000289,0.851677,0.000119,455.917667,5.286672,2.193000,0.025515,2.172333,2.364333,2.435667,2.996000,6.198000,0.259333,,,,0.111906,0.024786,0.029143,0.020257,0.569909,0.038527
chimera,hotpot,f1,1,100,3,3,0.896010,0.000132,0.941900,0.000173,0.896010,0.000132,406.844000,4.898990,2.457333,0.029400,2.420333,2.660667,2.735333,3.528333,7.550667,0.316000,,,,0.299375,0.019630,0.033307,0.021362,0.549145,0.007211
chimera,hotpot,f2,1,100,3,3,0.895907,0.000116,0.942167,0.000058,0.895907,0.000116,382.909333,0.639851,2.611000,0.004359,2.587000,2.817333,2.903000,3.089000,6.840667,0.234667,,,,0.338847,0.004359,0.005508,0.014000,0.047697,0.022723
chimera,hotpot,g1,1,100,3,3,0.913803,0.000038,0.944167,0.000058,0.913803,0.000038,351.359667,10.442280,2.846000,0.084149,2.799000,3.075667,3.166667,4.044000,10.155333,0.416333,,,,4.443972,0.045640,0.059744,0.078079,1.190847,0.283768
chimera,hotpot,g2,1,100,3,3,0.920057,0.000096,0.945500,0.000100,0.920057,0.000096,349.385667,2.950669,2.862000,0.024269,2.820667,3.103000,3.201000,3.865000,6.939333,0.336667,,,,0.162820,0.025502,0.029206,0.019000,0.343981,0.025891
chimera,hotpot,h1,1,100,3,3,0.927557,0.000032,0.947033,0.000058,0.927557,0.000032,303.705000,4.428130,3.292667,0.048014,3.248333,3.578000,3.686333,4.281000,7.402000,0.389000,,,,0.095389,0.053519,0.063553,0.057744,0.282353,0.026000
chimera,hotpot,i1,1,100,3,3,0.935530,0.000070,0.947833,0.000058,0.935530,0.000070,269.685667,6.348795,3.709000,0.088085,3.671667,4.044667,4.147333,4.533333,8.081333,0.365667,,,,0.258256,0.073112,0.101594,0.102198,0.251806,0.083913
chimera,hotpot,j1,1,100,3,3,0.941427,0.000106,0.948133,0.000058,0.941427,0.000106,233.920000,4.642600,4.275333,0.085172,4.210000,4.666333,4.803000,6.671000,11.941333,0.584333,,,,6.320782,0.035157,0.060352,0.073546,2.878245,0.412994
chimera,hotpot,k1,1,100,3,3,0.950087,0.000029,0.949500,0.000000,0.950087,0.000029,133.560000,0.972548,7.486667,0.054271,7.412667,8.152667,8.348000,11.824667,14.617667,0.842000,,,,0.792708,0.028746,0.032716,0.042462,2.493768,0.172514
chimera,hotpot,l1,1,100,3,3,0.950350,0.000017,0.949633,0.000058,0.950350,0.000017,123.945000,0.728122,8.067667,0.047962,8.024667,8.784000,8.950333,9.856667,14.026333,0.647000,10231.380000,0.000000,10231.380000,2.235993,0.028290,0.037403,0.046501,0.651116,0.101059
chimera,lotte,a1,1,100,3,3,0.663013,0.000037,0.889424,0.000059,0.663013,0.000037,578.798667,26.033123,1.729667,0.076009,1.686000,1.828667,1.883333,4.050667,13.564000,0.677000,,,,3.362833,0.045078,0.033858,0.048211,2.127934,0.217387
chimera,lotte,a2,1,100,3,3,0.742499,0.000033,0.917218,0.000040,0.742499,0.000033,633.967667,23.069907,1.578667,0.056083,1.563667,1.695667,1.735333,1.960667,9.985667,0.301333,,,,2.638402,0.075062,0.036896,0.038734,0.171051,0.087295
chimera,lotte,a3,1,100,3,3,0.781977,0.000009,0.921256,0.000035,0.781977,0.000009,650.657000,21.633969,1.537667,0.050292,1.535000,1.638000,1.677000,1.861667,6.732667,0.188000,,,,0.923924,0.045738,0.039887,0.056205,0.177272,0.039737
chimera,lotte,a4,1,100,3,3,0.712763,0.000026,0.926226,0.000039,0.712763,0.000026,632.845667,25.846611,1.581667,0.064532,1.566333,1.713000,1.749333,2.294000,8.958333,0.309333,,,,2.407075,0.076814,0.056507,0.053050,0.849555,0.112838
chimera,lotte,b1,1,100,3,3,0.791035,0.000021,0.944740,0.000052,0.791035,0.000021,604.184333,23.332543,1.656667,0.062565,1.658333,1.763000,1.789667,1.979667,8.864667,0.298333,,,,2.341384,0.066260,0.061506,0.062067,0.183865,0.111182
chimera,lotte,b2,1,100,3,3,0.843651,0.000039,0.949437,0.000034,0.843651,0.000039,620.308333,20.310775,1.613000,0.053694,1.613333,1.704333,1.728667,1.807000,6.677333,0.169333,,,,0.767576,0.055003,0.033020,0.033531,0.053226,0.041199
chimera,lotte,b3,1,100,3,3,0.853449,0.000034,0.953133,0.000020,0.853449,0.000034,587.307000,9.878917,1.702667,0.028431,1.697667,1.790000,1.826333,1.933667,8.895333,0.287333,,,,3.606720,0.024173,0.040927,0.051501,0.122001,0.165379
chimera,lotte,b4,1,100,3,3,0.885358,0.000051,0.955931,0.000086,0.885358,0.000051,602.443333,15.777748,1.660333,0.043844,1.659000,1.744000,1.772667,2.032333,6.019667,0.164000,,,,0.280751,0.036373,0.036056,0.041053,0.399231,0.054945
chimera,lotte,c1,1,100,3,3,0.909261,0.000013,0.957466,0.000039,0.909261,0.000013,573.664333,23.963556,1.745000,0.073082,1.730333,1.832333,1.859000,1.927333,9.630333,0.248333,,,,3.977821,0.055770,0.089918,0.094715,0.127563,0.216426
chimera,lotte,c2,1,100,3,3,0.910937,0.000041,0.960184,0.000000,0.910937,0.000041,529.747000,19.708662,1.889333,0.069816,1.866333,1.969333,2.004333,2.731333,8.883000,0.285667,,,,1.476373,0.045982,0.055510,0.059869,1.133062,0.131089
chimera,lotte,c3,1,100,3,3,0.927301,0.000026,0.960890,0.000020,0.927301,0.000026,527.166000,16.885363,1.897667,0.061044,1.871000,2.004333,2.044000,2.190333,10.203333,0.279667,,,,4.099165,0.032357,0.081819,0.093311,0.167375,0.236716
chimera,lotte,d1,1,100,3,3,0.943562,0.000033,0.962538,0.000035,0.943562,0.000033,471.743667,4.406852,2.119667,0.019858,2.090667,2.264000,2.319333,2.470667,8.939667,0.315667,,,,0.670607,0.012858,0.030199,0.026407,0.048045,0.069169
chimera,lotte,e1,1,100,3,3,0.937997,0.000021,0.961583,0.000000,0.937997,0.000021,506.700000,16.294122,1.974667,0.064299,1.953667,2.086667,2.129667,2.243667,11.096000,0.291000,,,,3.875608,0.039879,0.092878,0.108666,0.185257,0.228738
chimera,lotte,e2,1,100,3,3,0.936064,0.000007,0.962277,0.000020,0.936064,0.000007,476.719000,7.290998,2.097667,0.031974,2.069333,2.216000,2.264333,2.465000,10.262000,0.326333,,,,1.039193,0.015044,0.036373,0.041789,0.151060,0.135784
chimera,lotte,f1,1,100,3,3,0.950679,0.000046,0.962822,0.000020,0.950679,0.000046,428.203000,3.952922,2.335000,0.021517,2.311333,2.462333,2.519000,2.670000,11.927000,0.363333,,,,4.129626,0.010263,0.023459,0.034395,0.069289,0.170430
chimera,lotte,f2,1,100,3,3,0.953055,0.000011,0.963300,0.000020,0.953055,0.000011,412.133667,9.418429,2.427000,0.056312,2.413333,2.566000,2.620333,2.728000,8.200000,0.235667,,,,3.041918,0.041356,0.076236,0.087272,0.120329,0.151579
chimera,lotte,g1,1,100,3,3,0.957375,0.000025,0.963505,0.000020,0.957375,0.000025,358.138333,11.448392,2.794000,0.088764,2.748000,2.956333,3.033000,3.666333,11.145333,0.469333,,,,6.157730,0.054525,0.091762,0.121198,0.559209,0.286001
chimera,lotte,g2,1,100,3,3,0.958408,0.000022,0.963517,0.000020,0.958408,0.000022,340.472000,6.468296,2.937667,0.055374,2.903667,3.073333,3.136000,4.212333,9.894000,0.403333,,,,3.110155,0.026026,0.039311,0.051971,1.570790,0.233498
chimera,lotte,h1,1,100,3,3,0.961127,0.000020,0.963675,0.000020,0.961127,0.000020,302.917333,9.824606,3.303000,0.109503,3.259000,3.484000,3.565333,5.734667,12.031333,0.475000,,,,5.136177,0.050090,0.073532,0.098855,3.632482,0.459892
chimera,lotte,i1,1,100,3,3,0.962893,0.000012,0.963880,0.000020,0.962893,0.000012,256.973000,4.572335,3.892000,0.068440,3.834667,4.096667,4.188333,6.665333,13.749667,0.621333,,,,5.019993,0.025325,0.034443,0.034269,2.305778,0.367839
chimera,lotte,j1,1,100,3,3,0.964154,0.000004,0.964017,0.000020,0.964154,0.000004,220.923333,1.925463,4.526333,0.039552,4.499667,4.772000,4.857667,5.497667,12.715667,0.473333,9289.380000,0.000000,9289.380000,1.977711,0.009452,0.007000,0.009609,0.830539,0.235375
chimera,msmarco,a1,1,100,3,3,0.746704,0.000026,0.940225,0.000017,0.746704,0.000026,676.035000,6.617383,1.479333,0.014224,1.471000,1.552333,1.580667,1.660333,6.641333,0.140667,,,,0.373045,0.012166,0.018717,0.021572,0.026312,0.012583
chimera,msmarco,a2,1,100,3,3,0.817292,0.000037,0.951032,0.000015,0.817292,0.000037,642.315333,6.789629,1.556667,0.016623,1.547000,1.649667,1.685667,1.765333,9.515000,0.188000,,,,1.781600,0.013748,0.027502,0.028006,0.044736,0.094462
chimera,msmarco,a3,1,100,3,3,0.852690,0.000006,0.952359,0.000008,0.852690,0.000006,646.718333,6.487834,1.546000,0.015588,1.537000,1.639000,1.673000,1.760000,7.576667,0.184667,,,,0.450014,0.009539,0.011136,0.013229,0.035679,0.022811
chimera,msmarco,a4,1,100,3,3,0.776068,0.000007,0.953959,0.000008,0.776068,0.000007,614.729667,15.137704,1.627000,0.039230,1.611667,1.747000,1.788000,1.901333,9.681667,0.250333,,,,3.028162,0.029501,0.046872,0.051391,0.085979,0.129516
chimera,msmarco,b1,1,100,3,3,0.845175,0.000002,0.960115,0.000015,0.845175,0.000002,542.681333,7.285245,1.842667,0.024947,1.825667,1.970000,2.016667,2.138333,8.570667,0.205667,,,,2.471617,0.021221,0.023580,0.023352,0.046490,0.030746
chimera,msmarco,b2,1,100,3,3,0.890315,0.000019,0.961886,0.000008,0.890315,0.000019,543.769667,8.935222,1.839333,0.030436,1.824333,1.961667,2.008333,2.119333,9.492333,0.233667,,,,2.651331,0.028361,0.026388,0.027538,0.041501,0.117014
chimera,msmarco,b3,1,100,3,3,0.892650,0.000029,0.962626,0.000022,0.892650,0.000029,491.779333,1.011794,2.033333,0.004041,2.015333,2.182333,2.241333,2.388000,7.399667,0.204667,,,,0.635358,0.004041,0.005686,0.002517,0.023643,0.025325
chimera,msmarco,b4,1,100,3,3,0.917338,0.000007,0.963802,0.000008,0.917338,0.000007,498.509000,4.587055,2.006000,0.018330,1.990333,2.157000,2.210667,2.331000,8.665000,0.232000,,,,3.847351,0.012097,0.013115,0.017156,0.030512,0.142369
chimera,msmarco,c1,1,100,3,3,0.934738,0.000023,0.964422,0.000016,0.934738,0.000023,485.114000,4.472476,2.061333,0.019035,2.047000,2.210333,2.266667,2.388000,6.841000,0.200667,,,,0.617055,0.012124,0.013013,0.015011,0.033045,0.040673
chimera,msmarco,c2,1,100,3,3,0.931945,0.000010,0.965191,0.000022,0.931945,0.000010,402.857333,1.611847,2.482333,0.010116,2.461000,2.689000,2.765333,2.934333,7.788000,0.218667,,,,0.698575,0.008718,0.007550,0.009238,0.020033,0.014012
chimera,msmarco,c3,1,100,3,3,0.943872,0.000027,0.965558,0.000025,0.943872,0.000027,397.293333,2.979871,2.516667,0.018610,2.495000,2.723667,2.800000,2.965667,10.492000,0.269000,,,,4.219991,0.013115,0.015044,0.016523,0.026083,0.106588
chimera,msmarco,d1,1,100,3,3,0.954024,0.000004,0.965888,0.000015,0.954024,0.000004,327.876000,0.897551,3.050000,0.008185,3.024333,3.317333,3.418667,3.666667,10.360000,0.297000,,,,2.733307,0.011372,0.010504,0.009866,0.016258,0.030315
chimera,msmarco,e1,1,100,3,3,0.951849,0.000019,0.965769,0.000009,0.951849,0.000019,387.746333,2.304243,2.578667,0.015373,2.553667,2.790000,2.870333,3.062667,8.265000,0.265333,,,,0.694261,0.009713,0.012124,0.014224,0.031723,0.050143
chimera,msmarco,e2,1,100,3,3,0.948297,0.000015,0.965659,0.000014,0.948297,0.000015,334.951667,1.326779,2.985333,0.012055,2.958333,3.243667,3.337000,3.566000,10.819667,0.321333,,,,4.836962,0.006658,0.008622,0.007000,0.012288,0.110699
chimera,msmarco,f1,1,100,3,3,0.959472,0.000002,0.966065,0.000008,0.959472,0.000002,313.164000,0.535467,3.193000,0.005568,3.168000,3.461000,3.551667,3.798000,9.229667,0.300667,,,,0.208289,0.002646,0.004000,0.004509,0.034511,0.062684
chimera,msmarco,f2,1,100,3,3,0.960244,0.000017,0.966179,0.000022,0.960244,0.000017,275.320667,2.109975,3.632000,0.028000,3.602667,3.951667,4.062000,4.343000,9.717000,0.335333,,,,1.154773,0.017010,0.020429,0.026058,0.065962,0.087386
chimera,msmarco,g1,1,100,3,3,0.963776,0.000008,0.966284,0.000008,0.963776,0.000008,260.765333,3.428531,3.835000,0.050408,3.794000,4.158000,4.275000,4.666333,12.615333,0.435333,,,,4.776307,0.027622,0.045902,0.054672,0.250847,0.181643
chimera,msmarco,g2,1,100,3,3,0.964639,0.000001,0.966299,0.000009,0.964639,0.000001,261.766667,0.993635,3.820000,0.014177,3.794333,4.149667,4.261667,4.555333,9.551333,0.303667,,,,0.749275,0.012097,0.013868,0.015503,0.020306,0.008327
chimera,msmarco,h1,1,100,3,3,0.966427,0.000023,0.966390,0.000000,0.966427,0.000023,219.359000,2.564948,4.559000,0.053703,4.517333,4.940667,5.075000,5.426000,13.853000,0.478000,,,,6.048088,0.034269,0.043776,0.047571,0.087430,0.187838
chimera,msmarco,i1,1,100,3,3,0.967855,0.000014,0.966476,0.000000,0.967855,0.000014,187.356000,0.648501,5.337333,0.018448,5.294667,5.774667,5.922333,6.339000,12.850667,0.447667,,,,0.468929,0.011930,0.015044,0.027755,0.072333,0.066275
chimera,msmarco,j1,1,100,3,3,0.968905,0.000008,0.966504,0.000000,0.968905,0.000008,161.954000,0.615483,6.174333,0.023459,6.128000,6.654000,6.834667,7.589667,16.428000,0.564333,18297.380000,0.000000,18297.380000,4.629703,0.021071,0.030348,0.057535,0.626904,0.092138
chimera,msmarco,low1,1,100,3,3,0.343262,0.000000,0.807966,0.000000,0.343262,0.000000,702.006667,8.496461,1.424333,0.017010,1.410333,1.512000,1.546667,1.628333,12.702667,0.299000,,,,3.917874,0.011240,0.029052,0.035642,0.052880,0.118647
chimera,msmarco,low2,1,100,3,3,0.440395,0.000000,0.884026,0.000000,0.440395,0.000000,660.589667,45.078330,1.518333,0.100585,1.483333,1.615333,1.659000,1.851000,13.012333,0.527667,,,,2.155529,0.063375,0.083339,0.093984,0.151595,0.146138
chimera,msmarco,low3,1,100,3,3,0.513317,0.000010,0.897025,0.000008,0.513317,0.000010,681.036000,18.780973,1.469000,0.040731,1.450667,1.543333,1.574667,1.717333,7.975000,0.201333,,,,1.679263,0.027209,0.063058,0.078309,0.114984,0.109810
chimera,msmarco,low4,1,100,3,3,0.641432,0.000013,0.921819,0.000025,0.641432,0.000013,668.682667,9.214862,1.495333,0.020599,1.478000,1.577000,1.631667,1.745000,8.071000,0.196333,,,,1.055091,0.012767,0.041328,0.084949,0.084042,0.052444
chimera,msmarco,low5,1,100,3,3,0.648604,0.000025,0.925922,0.000008,0.648604,0.000025,668.306333,13.335117,1.496333,0.029738,1.476000,1.591000,1.628333,1.731333,8.498333,0.198333,,,,1.383859,0.014107,0.070150,0.083429,0.119709,0.074144
chimera,msmarco,low6,1,100,3,3,0.708897,0.000021,0.938200,0.000008,0.708897,0.000021,665.918333,9.975314,1.501667,0.022502,1.479333,1.593333,1.645000,1.777000,8.995667,0.223333,,,,1.516910,0.014012,0.037018,0.056027,0.079981,0.082857
