system,dataset,topk,recall,qps,label,source
CPU,lotte,100,0.779754,323.243,a3,/scratch3/workspace/juelinliu_umass_edu-gpu-mvr/gpu-mvr/profiling/cpu_search_v3/summary_t32.csv
CPU,lotte,100,0.789038,301.936667,b1,/scratch3/workspace/juelinliu_umass_edu-gpu-mvr/gpu-mvr/profiling/cpu_search_v3/summary_t32.csv
CPU,lotte,100,0.843514,257.949333,b2,/scratch3/workspace/juelinliu_umass_edu-gpu-mvr/gpu-mvr/profiling/cpu_search_v3/summary_t32.csv
CPU,lotte,100,0.854766,249.66,b3,/scratch3/workspace/juelinliu_umass_edu-gpu-mvr/gpu-mvr/profiling/cpu_search_v3/summary_t32.csv
CPU,lotte,100,0.889454,213.385,b4,/scratch3/workspace/juelinliu_umass_edu-gpu-mvr/gpu-mvr/profiling/cpu_search_v3/summary_t32.csv
CPU,lotte,100,0.916196,182.723667,c1,/scratch3/workspace/juelinliu_umass_edu-gpu-mvr/gpu-mvr/profiling/cpu_search_v3/summary_t32.csv
CPU,lotte,100,0.917489,181.166333,c2,/scratch3/workspace/juelinliu_umass_edu-gpu-mvr/gpu-mvr/profiling/cpu_search_v3/summary_t32.csv
CPU,lotte,100,0.9368,159.116,c3,/scratch3/workspace/juelinliu_umass_edu-gpu-mvr/gpu-mvr/profiling/cpu_search_v3/summary_t32.csv
CPU,lotte,100,0.946438,138.096333,e2,/scratch3/workspace/juelinliu_umass_edu-gpu-mvr/gpu-mvr/profiling/cpu_search_v3/summary_t32.csv
CPU,lotte,100,0.949594,136.867333,e1,/scratch3/workspace/juelinliu_umass_edu-gpu-mvr/gpu-mvr/profiling/cpu_search_v3/summary_t32.csv
CPU,lotte,100,0.956093,123.603333,d1,/scratch3/workspace/juelinliu_umass_edu-gpu-mvr/gpu-mvr/profiling/cpu_search_v3/summary_t32.csv
Chimera,lotte,100,0.781955,681.122,a3,/scratch3/workspace/juelinliu_umass_edu-gpu-mvr/gpu-mvr/profiling/experiments/gpu_main_topk_vram16_lite_c4/k100/lotte/gpu_search_v6_lite_vram16_c4/benchmark_results_20260426T221127Z_job56279474.csv
Chimera,lotte,100,0.79102,618.707,b1,/scratch3/workspace/juelinliu_umass_edu-gpu-mvr/gpu-mvr/profiling/experiments/gpu_main_topk_vram16_lite_c4/k100/lotte/gpu_search_v6_lite_vram16_c4/benchmark_results_20260426T221127Z_job56279474.csv
Chimera,lotte,100,0.843729,599.133,b2,/scratch3/workspace/juelinliu_umass_edu-gpu-mvr/gpu-mvr/profiling/experiments/gpu_main_topk_vram16_lite_c4/k100/lotte/gpu_search_v6_lite_vram16_c4/benchmark_results_20260426T221127Z_job56279474.csv
Chimera,lotte,100,0.853432,591.342,b3,/scratch3/workspace/juelinliu_umass_edu-gpu-mvr/gpu-mvr/profiling/experiments/gpu_main_topk_vram16_lite_c4/k100/lotte/gpu_search_v6_lite_vram16_c4/benchmark_results_20260426T221127Z_job56279474.csv
Chimera,lotte,100,0.88538,556.126,b4,/scratch3/workspace/juelinliu_umass_edu-gpu-mvr/gpu-mvr/profiling/experiments/gpu_main_topk_vram16_lite_c4/k100/lotte/gpu_search_v6_lite_vram16_c4/benchmark_results_20260426T221127Z_job56279474.csv
Chimera,lotte,100,0.909277,527.988,c1,/scratch3/workspace/juelinliu_umass_edu-gpu-mvr/gpu-mvr/profiling/experiments/gpu_main_topk_vram16_lite_c4/k100/lotte/gpu_search_v6_lite_vram16_c4/benchmark_results_20260426T221127Z_job56279474.csv
Chimera,lotte,100,0.911,491.021,c2,/scratch3/workspace/juelinliu_umass_edu-gpu-mvr/gpu-mvr/profiling/experiments/gpu_main_topk_vram16_lite_c4/k100/lotte/gpu_search_v6_lite_vram16_c4/benchmark_results_20260426T221127Z_job56279474.csv
Chimera,lotte,100,0.927226,465.993,c3,/scratch3/workspace/juelinliu_umass_edu-gpu-mvr/gpu-mvr/profiling/experiments/gpu_main_topk_vram16_lite_c4/k100/lotte/gpu_search_v6_lite_vram16_c4/benchmark_results_20260426T221127Z_job56279474.csv
Chimera,lotte,100,0.938014,440.206,e1,/scratch3/workspace/juelinliu_umass_edu-gpu-mvr/gpu-mvr/profiling/experiments/gpu_main_topk_vram16_lite_c4/k100/lotte/gpu_search_v6_lite_vram16_c4/benchmark_results_20260426T221127Z_job56279474.csv
Chimera,lotte,100,0.943545,411.427,d1,/scratch3/workspace/juelinliu_umass_edu-gpu-mvr/gpu-mvr/profiling/experiments/gpu_main_topk_vram16_lite_c4/k100/lotte/gpu_search_v6_lite_vram16_c4/benchmark_results_20260426T221127Z_job56279474.csv
Chimera,lotte,100,0.95072,371.052,f1,/scratch3/workspace/juelinliu_umass_edu-gpu-mvr/gpu-mvr/profiling/experiments/gpu_main_topk_vram16_lite_c4/k100/lotte/gpu_search_v6_lite_vram16_c4/benchmark_results_20260426T221127Z_job56279474.csv
Chimera,lotte,100,0.953006,354.302,f2,/scratch3/workspace/juelinliu_umass_edu-gpu-mvr/gpu-mvr/profiling/experiments/gpu_main_topk_vram16_lite_c4/k100/lotte/gpu_search_v6_lite_vram16_c4/benchmark_results_20260426T221127Z_job56279474.csv
Chimera,lotte,100,0.957342,321.224,g1,/scratch3/workspace/juelinliu_umass_edu-gpu-mvr/gpu-mvr/profiling/experiments/gpu_main_topk_vram16_lite_c4/k100/lotte/gpu_search_v6_lite_vram16_c4/benchmark_results_20260426T221127Z_job56279474.csv
Chimera,lotte,100,0.958427,304.561,g2,/scratch3/workspace/juelinliu_umass_edu-gpu-mvr/gpu-mvr/profiling/experiments/gpu_main_topk_vram16_lite_c4/k100/lotte/gpu_search_v6_lite_vram16_c4/benchmark_results_20260426T221127Z_job56279474.csv
Chimera,lotte,100,0.961102,269.186,h1,/scratch3/workspace/juelinliu_umass_edu-gpu-mvr/gpu-mvr/profiling/experiments/gpu_main_topk_vram16_lite_c4/k100/lotte/gpu_search_v6_lite_vram16_c4/benchmark_results_20260426T221127Z_job56279474.csv
Chimera,lotte,100,0.962893,230.867,i1,/scratch3/workspace/juelinliu_umass_edu-gpu-mvr/gpu-mvr/profiling/experiments/gpu_main_topk_vram16_lite_c4/k100/lotte/gpu_search_v6_lite_vram16_c4/benchmark_results_20260426T221127Z_job56279474.csv
Chimera,lotte,100,0.964142,201.426,j1,/scratch3/workspace/juelinliu_umass_edu-gpu-mvr/gpu-mvr/profiling/experiments/gpu_main_topk_vram16_lite_c4/k100/lotte/gpu_search_v6_lite_vram16_c4/benchmark_results_20260426T221127Z_job56279474.csv
Chimera+,lotte,100,0.781955,622.679,a3,/scratch3/workspace/juelinliu_umass_edu-gpu-mvr/gpu-mvr/profiling/lotte/gpu_search_v7/benchmark_results_20260422T220657Z_job55871927.csv
Chimera+,lotte,100,0.843664,580.324,b2,/scratch3/workspace/juelinliu_umass_edu-gpu-mvr/gpu-mvr/profiling/lotte/gpu_search_v7/benchmark_results_20260422T220657Z_job55871927.csv
Chimera+,lotte,100,0.853367,556.481,b3,/scratch3/workspace/juelinliu_umass_edu-gpu-mvr/gpu-mvr/profiling/lotte/gpu_search_v7/benchmark_results_20260422T220657Z_job55871927.csv
Chimera+,lotte,100,0.885377,523.154,b4,/scratch3/workspace/juelinliu_umass_edu-gpu-mvr/gpu-mvr/profiling/lotte/gpu_search_v7/benchmark_results_20260422T220657Z_job55871927.csv
Chimera+,lotte,100,0.910972,489.385,c2,/scratch3/workspace/juelinliu_umass_edu-gpu-mvr/gpu-mvr/profiling/lotte/gpu_search_v7/benchmark_results_20260422T220657Z_job55871927.csv
Chimera+,lotte,100,0.927202,454.711,c3,/scratch3/workspace/juelinliu_umass_edu-gpu-mvr/gpu-mvr/profiling/lotte/gpu_search_v7/benchmark_results_20260422T220657Z_job55871927.csv
Chimera+,lotte,100,0.936111,435.816,e2,/scratch3/workspace/juelinliu_umass_edu-gpu-mvr/gpu-mvr/profiling/lotte/gpu_search_v7/benchmark_results_20260422T220657Z_job55871927.csv
Chimera+,lotte,100,0.938018,424.394,e1,/scratch3/workspace/juelinliu_umass_edu-gpu-mvr/gpu-mvr/profiling/lotte/gpu_search_v7/benchmark_results_20260422T220657Z_job55871927.csv
Chimera+,lotte,100,0.943565,415.691,d1,/scratch3/workspace/juelinliu_umass_edu-gpu-mvr/gpu-mvr/profiling/lotte/gpu_search_v7/benchmark_results_20260422T220657Z_job55871927.csv
Chimera+,lotte,100,0.950686,359.906,f1,/scratch3/workspace/juelinliu_umass_edu-gpu-mvr/gpu-mvr/profiling/lotte/gpu_search_v7/benchmark_results_20260422T220657Z_job55871927.csv
Chimera+,lotte,100,0.953043,350.671,f2,/scratch3/workspace/juelinliu_umass_edu-gpu-mvr/gpu-mvr/profiling/lotte/gpu_search_v7/benchmark_results_20260422T220657Z_job55871927.csv
Chimera+,lotte,100,0.957308,323.594,g1,/scratch3/workspace/juelinliu_umass_edu-gpu-mvr/gpu-mvr/profiling/lotte/gpu_search_v7/benchmark_results_20260422T220657Z_job55871927.csv
Chimera+,lotte,100,0.958414,302.334,g2,/scratch3/workspace/juelinliu_umass_edu-gpu-mvr/gpu-mvr/profiling/lotte/gpu_search_v7/benchmark_results_20260422T220657Z_job55871927.csv
Chimera+,lotte,100,0.961095,274.808,h1,/scratch3/workspace/juelinliu_umass_edu-gpu-mvr/gpu-mvr/profiling/lotte/gpu_search_v7/benchmark_results_20260422T220657Z_job55871927.csv
Chimera+,lotte,100,0.96289,235.851,i1,/scratch3/workspace/juelinliu_umass_edu-gpu-mvr/gpu-mvr/profiling/lotte/gpu_search_v7/benchmark_results_20260422T220657Z_job55871927.csv
CPU,hotpot,100,0.77616,226.486,b4,/scratch3/workspace/juelinliu_umass_edu-gpu-mvr/gpu-mvr/profiling/cpu_search_v3/summary_t32.csv
CPU,hotpot,100,0.82329,206.503,c1,/scratch3/workspace/juelinliu_umass_edu-gpu-mvr/gpu-mvr/profiling/cpu_search_v3/summary_t32.csv
CPU,hotpot,100,0.84493,169.469333,c3,/scratch3/workspace/juelinliu_umass_edu-gpu-mvr/gpu-mvr/profiling/cpu_search_v3/summary_t32.csv
CPU,hotpot,100,0.87744,146.772333,e1,/scratch3/workspace/juelinliu_umass_edu-gpu-mvr/gpu-mvr/profiling/cpu_search_v3/summary_t32.csv
CPU,hotpot,100,0.88286,130.860667,d1,/scratch3/workspace/juelinliu_umass_edu-gpu-mvr/gpu-mvr/profiling/cpu_search_v3/summary_t32.csv
CPU,hotpot,100,0.90971,114.853333,f1,/scratch3/workspace/juelinliu_umass_edu-gpu-mvr/gpu-mvr/profiling/cpu_search_v3/summary_t32.csv
CPU,hotpot,100,0.91021,108.48,f2,/scratch3/workspace/juelinliu_umass_edu-gpu-mvr/gpu-mvr/profiling/cpu_search_v3/summary_t32.csv
CPU,hotpot,100,0.93111,97.573,g1,/scratch3/workspace/juelinliu_umass_edu-gpu-mvr/gpu-mvr/profiling/cpu_search_v3/summary_t32.csv
CPU,hotpot,100,0.93818,93.622,g2,/scratch3/workspace/juelinliu_umass_edu-gpu-mvr/gpu-mvr/profiling/cpu_search_v3/summary_t32.csv
CPU,hotpot,100,0.94793,78.268,h1,/scratch3/workspace/juelinliu_umass_edu-gpu-mvr/gpu-mvr/profiling/cpu_search_v3/summary_t32.csv
Chimera,hotpot,100,0.77674,384.347,b4,/scratch3/workspace/juelinliu_umass_edu-gpu-mvr/gpu-mvr/profiling/experiments/gpu_main_topk_vram16_lite_c4/k100/hotpot/gpu_search_v6_lite_vram16_c4/benchmark_results_20260426T221528Z_job56279474.csv
Chimera,hotpot,100,0.82088,384.255,c1,/scratch3/workspace/juelinliu_umass_edu-gpu-mvr/gpu-mvr/profiling/experiments/gpu_main_topk_vram16_lite_c4/k100/hotpot/gpu_search_v6_lite_vram16_c4/benchmark_results_20260426T221528Z_job56279474.csv
Chimera,hotpot,100,0.84062,337.856,c3,/scratch3/workspace/juelinliu_umass_edu-gpu-mvr/gpu-mvr/profiling/experiments/gpu_main_topk_vram16_lite_c4/k100/hotpot/gpu_search_v6_lite_vram16_c4/benchmark_results_20260426T221528Z_job56279474.csv
Chimera,hotpot,100,0.8697,331.838,e1,/scratch3/workspace/juelinliu_umass_edu-gpu-mvr/gpu-mvr/profiling/experiments/gpu_main_topk_vram16_lite_c4/k100/hotpot/gpu_search_v6_lite_vram16_c4/benchmark_results_20260426T221528Z_job56279474.csv
Chimera,hotpot,100,0.87312,289.792,d1,/scratch3/workspace/juelinliu_umass_edu-gpu-mvr/gpu-mvr/profiling/experiments/gpu_main_topk_vram16_lite_c4/k100/hotpot/gpu_search_v6_lite_vram16_c4/benchmark_results_20260426T221528Z_job56279474.csv
Chimera,hotpot,100,0.89591,273.708,f1,/scratch3/workspace/juelinliu_umass_edu-gpu-mvr/gpu-mvr/profiling/experiments/gpu_main_topk_vram16_lite_c4/k100/hotpot/gpu_search_v6_lite_vram16_c4/benchmark_results_20260426T221528Z_job56279474.csv
Chimera,hotpot,100,0.91391,252.708,g1,/scratch3/workspace/juelinliu_umass_edu-gpu-mvr/gpu-mvr/profiling/experiments/gpu_main_topk_vram16_lite_c4/k100/hotpot/gpu_search_v6_lite_vram16_c4/benchmark_results_20260426T221528Z_job56279474.csv
Chimera,hotpot,100,0.92008,241.82,g2,/scratch3/workspace/juelinliu_umass_edu-gpu-mvr/gpu-mvr/profiling/experiments/gpu_main_topk_vram16_lite_c4/k100/hotpot/gpu_search_v6_lite_vram16_c4/benchmark_results_20260426T221528Z_job56279474.csv
Chimera,hotpot,100,0.92756,208.345,h1,/scratch3/workspace/juelinliu_umass_edu-gpu-mvr/gpu-mvr/profiling/experiments/gpu_main_topk_vram16_lite_c4/k100/hotpot/gpu_search_v6_lite_vram16_c4/benchmark_results_20260426T221528Z_job56279474.csv
Chimera,hotpot,100,0.93563,190.793,i1,/scratch3/workspace/juelinliu_umass_edu-gpu-mvr/gpu-mvr/profiling/experiments/gpu_main_topk_vram16_lite_c4/k100/hotpot/gpu_search_v6_lite_vram16_c4/benchmark_results_20260426T221528Z_job56279474.csv
Chimera,hotpot,100,0.94155,165.44,j1,/scratch3/workspace/juelinliu_umass_edu-gpu-mvr/gpu-mvr/profiling/experiments/gpu_main_topk_vram16_lite_c4/k100/hotpot/gpu_search_v6_lite_vram16_c4/benchmark_results_20260426T221528Z_job56279474.csv
Chimera,hotpot,100,0.95008,102.536,k1,/scratch3/workspace/juelinliu_umass_edu-gpu-mvr/gpu-mvr/profiling/experiments/gpu_main_topk_vram16_lite_hotpot_highrecall/k100/hotpot/gpu_search_v6_lite_vram16_hotpot_highrecall/benchmark_results_20260426T224514Z_job56279474.csv
Chimera,hotpot,100,0.95033,96.042,l1,/scratch3/workspace/juelinliu_umass_edu-gpu-mvr/gpu-mvr/profiling/experiments/gpu_main_topk_vram16_lite_hotpot_highrecall/k100/hotpot/gpu_search_v6_lite_vram16_hotpot_highrecall/benchmark_results_20260426T224514Z_job56279474.csv
Chimera+,hotpot,100,0.77672,515.45,b4,/scratch3/workspace/juelinliu_umass_edu-gpu-mvr/gpu-mvr/profiling/hotpot/gpu_search_v7/benchmark_results_20260422T220518Z_job55871927.csv
Chimera+,hotpot,100,0.82109,482.912,c1,/scratch3/workspace/juelinliu_umass_edu-gpu-mvr/gpu-mvr/profiling/hotpot/gpu_search_v7/benchmark_results_20260422T220518Z_job55871927.csv
Chimera+,hotpot,100,0.84049,440.429,c3,/scratch3/workspace/juelinliu_umass_edu-gpu-mvr/gpu-mvr/profiling/hotpot/gpu_search_v7/benchmark_results_20260422T220518Z_job55871927.csv
Chimera+,hotpot,100,0.86956,436.011,e1,/scratch3/workspace/juelinliu_umass_edu-gpu-mvr/gpu-mvr/profiling/hotpot/gpu_search_v7/benchmark_results_20260422T220518Z_job55871927.csv
Chimera+,hotpot,100,0.87315,426.008,d1,/scratch3/workspace/juelinliu_umass_edu-gpu-mvr/gpu-mvr/profiling/hotpot/gpu_search_v7/benchmark_results_20260422T220518Z_job55871927.csv
Chimera+,hotpot,100,0.89601,375.83,f1,/scratch3/workspace/juelinliu_umass_edu-gpu-mvr/gpu-mvr/profiling/hotpot/gpu_search_v7/benchmark_results_20260422T220518Z_job55871927.csv
Chimera+,hotpot,100,0.91388,334.256,g1,/scratch3/workspace/juelinliu_umass_edu-gpu-mvr/gpu-mvr/profiling/hotpot/gpu_search_v7/benchmark_results_20260422T220518Z_job55871927.csv
Chimera+,hotpot,100,0.91997,323.066,g2,/scratch3/workspace/juelinliu_umass_edu-gpu-mvr/gpu-mvr/profiling/hotpot/gpu_search_v7/benchmark_results_20260422T220518Z_job55871927.csv
Chimera+,hotpot,100,0.92752,264.362,h1,/scratch3/workspace/juelinliu_umass_edu-gpu-mvr/gpu-mvr/profiling/hotpot/gpu_search_v7/benchmark_results_20260422T220518Z_job55871927.csv
Chimera+,hotpot,100,0.93543,252.554,i1,/scratch3/workspace/juelinliu_umass_edu-gpu-mvr/gpu-mvr/profiling/hotpot/gpu_search_v7/benchmark_results_20260422T220518Z_job55871927.csv
Chimera+,hotpot,100,0.94155,179.048,j1,/scratch3/workspace/juelinliu_umass_edu-gpu-mvr/gpu-mvr/profiling/hotpot/gpu_search_v7/benchmark_results_20260422T220518Z_job55871927.csv
CPU,msmarco,100,0.814708,309.277333,a2,/scratch3/workspace/juelinliu_umass_edu-gpu-mvr/gpu-mvr/profiling/cpu_search_v3/summary_t32.csv
CPU,msmarco,100,0.852059,306.794,a3,/scratch3/workspace/juelinliu_umass_edu-gpu-mvr/gpu-mvr/profiling/cpu_search_v3/summary_t32.csv
CPU,msmarco,100,0.891504,223.268,b2,/scratch3/workspace/juelinliu_umass_edu-gpu-mvr/gpu-mvr/profiling/cpu_search_v3/summary_t32.csv
CPU,msmarco,100,0.894683,201.486,b3,/scratch3/workspace/juelinliu_umass_edu-gpu-mvr/gpu-mvr/profiling/cpu_search_v3/summary_t32.csv
CPU,msmarco,100,0.921818,181.574667,b4,/scratch3/workspace/juelinliu_umass_edu-gpu-mvr/gpu-mvr/profiling/cpu_search_v3/summary_t32.csv
CPU,msmarco,100,0.941812,167.693,c1,/scratch3/workspace/juelinliu_umass_edu-gpu-mvr/gpu-mvr/profiling/cpu_search_v3/summary_t32.csv
CPU,msmarco,100,0.952789,132.665,c3,/scratch3/workspace/juelinliu_umass_edu-gpu-mvr/gpu-mvr/profiling/cpu_search_v3/summary_t32.csv
CPU,msmarco,100,0.962281,121.798,e1,/scratch3/workspace/juelinliu_umass_edu-gpu-mvr/gpu-mvr/profiling/cpu_search_v3/summary_t32.csv
CPU,msmarco,100,0.964979,102.790333,d1,/scratch3/workspace/juelinliu_umass_edu-gpu-mvr/gpu-mvr/profiling/cpu_search_v3/summary_t32.csv
Chimera,msmarco,100,0.817244,456.727,a2,/scratch3/workspace/juelinliu_umass_edu-gpu-mvr/gpu-mvr/profiling/experiments/gpu_main_topk_vram16_lite_c4/k100/msmarco/gpu_search_v6_lite_vram16_c4/benchmark_results_20260426T221729Z_job56279474.csv
Chimera,msmarco,100,0.852691,441.704,a3,/scratch3/workspace/juelinliu_umass_edu-gpu-mvr/gpu-mvr/profiling/experiments/gpu_main_topk_vram16_lite_c4/k100/msmarco/gpu_search_v6_lite_vram16_c4/benchmark_results_20260426T221729Z_job56279474.csv
Chimera,msmarco,100,0.890311,339.083,b2,/scratch3/workspace/juelinliu_umass_edu-gpu-mvr/gpu-mvr/profiling/experiments/gpu_main_topk_vram16_lite_c4/k100/msmarco/gpu_search_v6_lite_vram16_c4/benchmark_results_20260426T221729Z_job56279474.csv
Chimera,msmarco,100,0.917328,330.184,b4,/scratch3/workspace/juelinliu_umass_edu-gpu-mvr/gpu-mvr/profiling/experiments/gpu_main_topk_vram16_lite_c4/k100/msmarco/gpu_search_v6_lite_vram16_c4/benchmark_results_20260426T221729Z_job56279474.csv
Chimera,msmarco,100,0.934735,309.996,c1,/scratch3/workspace/juelinliu_umass_edu-gpu-mvr/gpu-mvr/profiling/experiments/gpu_main_topk_vram16_lite_c4/k100/msmarco/gpu_search_v6_lite_vram16_c4/benchmark_results_20260426T221729Z_job56279474.csv
Chimera,msmarco,100,0.951877,252.708,e1,/scratch3/workspace/juelinliu_umass_edu-gpu-mvr/gpu-mvr/profiling/experiments/gpu_main_topk_vram16_lite_c4/k100/msmarco/gpu_search_v6_lite_vram16_c4/benchmark_results_20260426T221729Z_job56279474.csv
Chimera,msmarco,100,0.954004,214.94,d1,/scratch3/workspace/juelinliu_umass_edu-gpu-mvr/gpu-mvr/profiling/experiments/gpu_main_topk_vram16_lite_c4/k100/msmarco/gpu_search_v6_lite_vram16_c4/benchmark_results_20260426T221729Z_job56279474.csv
Chimera,msmarco,100,0.959438,203.968,f1,/scratch3/workspace/juelinliu_umass_edu-gpu-mvr/gpu-mvr/profiling/experiments/gpu_main_topk_vram16_lite_c4/k100/msmarco/gpu_search_v6_lite_vram16_c4/benchmark_results_20260426T221729Z_job56279474.csv
Chimera,msmarco,100,0.960248,185.001,f2,/scratch3/workspace/juelinliu_umass_edu-gpu-mvr/gpu-mvr/profiling/experiments/gpu_main_topk_vram16_lite_c4/k100/msmarco/gpu_search_v6_lite_vram16_c4/benchmark_results_20260426T221729Z_job56279474.csv
Chimera,msmarco,100,0.963787,177.928,g1,/scratch3/workspace/juelinliu_umass_edu-gpu-mvr/gpu-mvr/profiling/experiments/gpu_main_topk_vram16_lite_c4/k100/msmarco/gpu_search_v6_lite_vram16_c4/benchmark_results_20260426T221729Z_job56279474.csv
Chimera,msmarco,100,0.964636,175.664,g2,/scratch3/workspace/juelinliu_umass_edu-gpu-mvr/gpu-mvr/profiling/experiments/gpu_main_topk_vram16_lite_c4/k100/msmarco/gpu_search_v6_lite_vram16_c4/benchmark_results_20260426T221729Z_job56279474.csv
Chimera,msmarco,100,0.966424,149.925,h1,/scratch3/workspace/juelinliu_umass_edu-gpu-mvr/gpu-mvr/profiling/experiments/gpu_main_topk_vram16_lite_c4/k100/msmarco/gpu_search_v6_lite_vram16_c4/benchmark_results_20260426T221729Z_job56279474.csv
Chimera,msmarco,100,0.96784,133.831,i1,/scratch3/workspace/juelinliu_umass_edu-gpu-mvr/gpu-mvr/profiling/experiments/gpu_main_topk_vram16_lite_c4/k100/msmarco/gpu_search_v6_lite_vram16_c4/benchmark_results_20260426T221729Z_job56279474.csv
Chimera,msmarco,100,0.968907,113.704,j1,/scratch3/workspace/juelinliu_umass_edu-gpu-mvr/gpu-mvr/profiling/experiments/gpu_main_topk_vram16_lite_c4/k100/msmarco/gpu_search_v6_lite_vram16_c4/benchmark_results_20260426T221729Z_job56279474.csv
Chimera+,msmarco,100,0.85266,620.35,a3,/scratch3/workspace/juelinliu_umass_edu-gpu-mvr/gpu-mvr/profiling/msmarco/gpu_search_v7/benchmark_results_20260422T222413Z_job55871927.csv
Chimera+,msmarco,100,0.890307,541.714,b2,/scratch3/workspace/juelinliu_umass_edu-gpu-mvr/gpu-mvr/profiling/msmarco/gpu_search_v7/benchmark_results_20260422T222413Z_job55871927.csv
Chimera+,msmarco,100,0.892675,492.678,b3,/scratch3/workspace/juelinliu_umass_edu-gpu-mvr/gpu-mvr/profiling/msmarco/gpu_search_v7/benchmark_results_20260422T222413Z_job55871927.csv
Chimera+,msmarco,100,0.917309,480.824,b4,/scratch3/workspace/juelinliu_umass_edu-gpu-mvr/gpu-mvr/profiling/msmarco/gpu_search_v7/benchmark_results_20260422T222413Z_job55871927.csv
Chimera+,msmarco,100,0.934715,464.338,c1,/scratch3/workspace/juelinliu_umass_edu-gpu-mvr/gpu-mvr/profiling/msmarco/gpu_search_v7/benchmark_results_20260422T222413Z_job55871927.csv
Chimera+,msmarco,100,0.94387,395.558,c3,/scratch3/workspace/juelinliu_umass_edu-gpu-mvr/gpu-mvr/profiling/msmarco/gpu_search_v7/benchmark_results_20260422T222413Z_job55871927.csv
Chimera+,msmarco,100,0.951874,371.623,e1,/scratch3/workspace/juelinliu_umass_edu-gpu-mvr/gpu-mvr/profiling/msmarco/gpu_search_v7/benchmark_results_20260422T222413Z_job55871927.csv
Chimera+,msmarco,100,0.95405,320.593,d1,/scratch3/workspace/juelinliu_umass_edu-gpu-mvr/gpu-mvr/profiling/msmarco/gpu_search_v7/benchmark_results_20260422T222413Z_job55871927.csv
Chimera+,msmarco,100,0.95948,295.651,f1,/scratch3/workspace/juelinliu_umass_edu-gpu-mvr/gpu-mvr/profiling/msmarco/gpu_search_v7/benchmark_results_20260422T222413Z_job55871927.csv
Chimera+,msmarco,100,0.960236,261.176,f2,/scratch3/workspace/juelinliu_umass_edu-gpu-mvr/gpu-mvr/profiling/msmarco/gpu_search_v7/benchmark_results_20260422T222413Z_job55871927.csv
Chimera+,msmarco,100,0.963762,251.07,g1,/scratch3/workspace/juelinliu_umass_edu-gpu-mvr/gpu-mvr/profiling/msmarco/gpu_search_v7/benchmark_results_20260422T222413Z_job55871927.csv
Chimera+,msmarco,100,0.964646,244.371,g2,/scratch3/workspace/juelinliu_umass_edu-gpu-mvr/gpu-mvr/profiling/msmarco/gpu_search_v7/benchmark_results_20260422T222413Z_job55871927.csv
Chimera+,msmarco,100,0.966464,211.596,h1,/scratch3/workspace/juelinliu_umass_edu-gpu-mvr/gpu-mvr/profiling/msmarco/gpu_search_v7/benchmark_results_20260422T222413Z_job55871927.csv
Chimera+,msmarco,100,0.967851,180.528,i1,/scratch3/workspace/juelinliu_umass_edu-gpu-mvr/gpu-mvr/profiling/msmarco/gpu_search_v7/benchmark_results_20260422T222413Z_job55871927.csv
