implementation,dataset,label,ncells,ndocs,index_source,index_path,queries,k,warmup,avg_time_s,qps,recall,avg_latency_ms,gpu_mem_current_mib,gpu_mem_peak_mib,gpu_mem_total_mib,torch_peak_allocated_mib,torch_peak_reserved_mib,source
plaid_gpu_resident,hotpot,c0,1,250,dataset,/scratch3/workspace/juelinliu_umass_edu-gpu-mvr/gpu-mvr/dataset/hotpot/colbert/indexes/4bit,1000,10,5,0.006237,160.338583,0.849500,6.237000,21234.00,21234.00,32494.12,19772.26,20694.00,/scratch3/workspace/juelinliu_umass_edu-gpu-mvr/gpu-mvr/profiling/experiments/plaid_main_topk_r5/k10/hotpot/plaid_gpu_resident/benchmark_results.csv
plaid_gpu_resident,hotpot,c1,1,500,dataset,/scratch3/workspace/juelinliu_umass_edu-gpu-mvr/gpu-mvr/dataset/hotpot/colbert/indexes/4bit,1000,10,5,0.006266,159.586776,0.866700,6.266000,21244.00,21244.00,32494.12,19772.35,20704.00,/scratch3/workspace/juelinliu_umass_edu-gpu-mvr/gpu-mvr/profiling/experiments/plaid_main_topk_r5/k10/hotpot/plaid_gpu_resident/benchmark_results.csv
plaid_gpu_resident,hotpot,c1m,1,750,dataset,/scratch3/workspace/juelinliu_umass_edu-gpu-mvr/gpu-mvr/dataset/hotpot/colbert/indexes/4bit,1000,10,5,0.006289,159.003326,0.871600,6.289000,21244.00,21244.00,32494.12,19772.35,20704.00,/scratch3/workspace/juelinliu_umass_edu-gpu-mvr/gpu-mvr/profiling/experiments/plaid_main_topk_r5/k10/hotpot/plaid_gpu_resident/benchmark_results.csv
plaid_gpu_resident,hotpot,c2,1,1000,dataset,/scratch3/workspace/juelinliu_umass_edu-gpu-mvr/gpu-mvr/dataset/hotpot/colbert/indexes/4bit,1000,10,5,0.006321,158.195798,0.873600,6.321000,21244.00,21244.00,32494.12,19772.35,20704.00,/scratch3/workspace/juelinliu_umass_edu-gpu-mvr/gpu-mvr/profiling/experiments/plaid_main_topk_r5/k10/hotpot/plaid_gpu_resident/benchmark_results.csv
plaid_gpu_resident,hotpot,c2m,1,1500,dataset,/scratch3/workspace/juelinliu_umass_edu-gpu-mvr/gpu-mvr/dataset/hotpot/colbert/indexes/4bit,1000,10,5,0.006451,155.009533,0.874700,6.451000,21244.00,21244.00,32494.12,19772.35,20704.00,/scratch3/workspace/juelinliu_umass_edu-gpu-mvr/gpu-mvr/profiling/experiments/plaid_main_topk_r5/k10/hotpot/plaid_gpu_resident/benchmark_results.csv
plaid_gpu_resident,hotpot,c3,2,1000,dataset,/scratch3/workspace/juelinliu_umass_edu-gpu-mvr/gpu-mvr/dataset/hotpot/colbert/indexes/4bit,1000,10,5,0.007686,130.110214,0.919600,7.686000,21344.00,21344.00,32494.12,20023.51,20804.00,/scratch3/workspace/juelinliu_umass_edu-gpu-mvr/gpu-mvr/profiling/experiments/plaid_main_topk_r5/k10/hotpot/plaid_gpu_resident/benchmark_results.csv
plaid_gpu_resident,hotpot,c3m,2,1500,dataset,/scratch3/workspace/juelinliu_umass_edu-gpu-mvr/gpu-mvr/dataset/hotpot/colbert/indexes/4bit,1000,10,5,0.007772,128.668358,0.921500,7.772000,21344.00,21344.00,32494.12,20023.51,20804.00,/scratch3/workspace/juelinliu_umass_edu-gpu-mvr/gpu-mvr/profiling/experiments/plaid_main_topk_r5/k10/hotpot/plaid_gpu_resident/benchmark_results.csv
plaid_gpu_resident,hotpot,c4,2,2000,dataset,/scratch3/workspace/juelinliu_umass_edu-gpu-mvr/gpu-mvr/dataset/hotpot/colbert/indexes/4bit,1000,10,5,0.007938,125.972266,0.922600,7.938000,21344.00,21344.00,32494.12,20023.51,20804.00,/scratch3/workspace/juelinliu_umass_edu-gpu-mvr/gpu-mvr/profiling/experiments/plaid_main_topk_r5/k10/hotpot/plaid_gpu_resident/benchmark_results.csv
plaid_gpu_resident,hotpot,c4m,2,3000,dataset,/scratch3/workspace/juelinliu_umass_edu-gpu-mvr/gpu-mvr/dataset/hotpot/colbert/indexes/4bit,1000,10,5,0.008184,122.184894,0.922800,8.184000,21344.00,21344.00,32494.12,20023.51,20804.00,/scratch3/workspace/juelinliu_umass_edu-gpu-mvr/gpu-mvr/profiling/experiments/plaid_main_topk_r5/k10/hotpot/plaid_gpu_resident/benchmark_results.csv
plaid_gpu_resident,hotpot,c5,2,4000,dataset,/scratch3/workspace/juelinliu_umass_edu-gpu-mvr/gpu-mvr/dataset/hotpot/colbert/indexes/4bit,1000,10,5,0.008461,118.182730,0.922800,8.461000,21386.00,21386.00,32494.12,20023.51,20846.00,/scratch3/workspace/juelinliu_umass_edu-gpu-mvr/gpu-mvr/profiling/experiments/plaid_main_topk_r5/k10/hotpot/plaid_gpu_resident/benchmark_results.csv
plaid_gpu_resident,hotpot,c5m,3,4000,dataset,/scratch3/workspace/juelinliu_umass_edu-gpu-mvr/gpu-mvr/dataset/hotpot/colbert/indexes/4bit,1000,10,5,0.009556,104.648119,0.934600,9.556000,22020.00,22020.00,32494.12,20259.65,21480.00,/scratch3/workspace/juelinliu_umass_edu-gpu-mvr/gpu-mvr/profiling/experiments/plaid_main_topk_r5/k10/hotpot/plaid_gpu_resident/benchmark_results.csv
plaid_gpu_resident,hotpot,c7,4,4000,dataset,/scratch3/workspace/juelinliu_umass_edu-gpu-mvr/gpu-mvr/dataset/hotpot/colbert/indexes/4bit,1000,10,5,0.010610,94.249611,0.939600,10.610000,22094.00,22094.00,32494.12,20480.41,21554.00,/scratch3/workspace/juelinliu_umass_edu-gpu-mvr/gpu-mvr/profiling/experiments/plaid_main_topk_r5/k10/hotpot/plaid_gpu_resident/benchmark_results.csv
plaid_gpu_resident,hotpot,c7m,4,6000,dataset,/scratch3/workspace/juelinliu_umass_edu-gpu-mvr/gpu-mvr/dataset/hotpot/colbert/indexes/4bit,1000,10,5,0.011286,88.606985,0.940100,11.286000,22158.00,22158.00,32494.12,20480.50,21618.00,/scratch3/workspace/juelinliu_umass_edu-gpu-mvr/gpu-mvr/profiling/experiments/plaid_main_topk_r5/k10/hotpot/plaid_gpu_resident/benchmark_results.csv
plaid_gpu_resident,hotpot,c8,4,8000,dataset,/scratch3/workspace/juelinliu_umass_edu-gpu-mvr/gpu-mvr/dataset/hotpot/colbert/indexes/4bit,1000,10,5,0.011938,83.763181,0.940100,11.938000,22178.00,22178.00,32494.12,20480.41,21638.00,/scratch3/workspace/juelinliu_umass_edu-gpu-mvr/gpu-mvr/profiling/experiments/plaid_main_topk_r5/k10/hotpot/plaid_gpu_resident/benchmark_results.csv
plaid_gpu_resident,hotpot,c8m,6,8000,dataset,/scratch3/workspace/juelinliu_umass_edu-gpu-mvr/gpu-mvr/dataset/hotpot/colbert/indexes/4bit,1000,10,5,0.013921,71.832358,0.943000,13.921000,23016.00,23016.00,32494.12,20921.11,22476.00,/scratch3/workspace/juelinliu_umass_edu-gpu-mvr/gpu-mvr/profiling/experiments/plaid_main_topk_r5/k10/hotpot/plaid_gpu_resident/benchmark_results.csv
plaid_gpu_resident,hotpot,c10,8,8000,dataset,/scratch3/workspace/juelinliu_umass_edu-gpu-mvr/gpu-mvr/dataset/hotpot/colbert/indexes/4bit,1000,10,5,0.015775,63.391175,0.944100,15.775000,23898.00,23898.00,32494.12,21335.08,23358.00,/scratch3/workspace/juelinliu_umass_edu-gpu-mvr/gpu-mvr/profiling/experiments/plaid_main_topk_r5/k10/hotpot/plaid_gpu_resident/benchmark_results.csv
plaid_gpu_resident,hotpot,c10m,8,10000,dataset,/scratch3/workspace/juelinliu_umass_edu-gpu-mvr/gpu-mvr/dataset/hotpot/colbert/indexes/4bit,1000,10,5,0.016473,60.706006,0.944200,16.473000,23898.00,23898.00,32494.12,21335.08,23358.00,/scratch3/workspace/juelinliu_umass_edu-gpu-mvr/gpu-mvr/profiling/experiments/plaid_main_topk_r5/k10/hotpot/plaid_gpu_resident/benchmark_results.csv
plaid_gpu_resident,hotpot,c11,8,12000,dataset,/scratch3/workspace/juelinliu_umass_edu-gpu-mvr/gpu-mvr/dataset/hotpot/colbert/indexes/4bit,1000,10,5,0.017167,58.250392,0.944200,17.167000,24024.00,24024.00,32494.12,21335.08,23484.00,/scratch3/workspace/juelinliu_umass_edu-gpu-mvr/gpu-mvr/profiling/experiments/plaid_main_topk_r5/k10/hotpot/plaid_gpu_resident/benchmark_results.csv
plaid_gpu_resident,hotpot,c11m,12,12000,dataset,/scratch3/workspace/juelinliu_umass_edu-gpu-mvr/gpu-mvr/dataset/hotpot/colbert/indexes/4bit,1000,10,5,0.020574,48.604081,0.944600,20.574000,25554.00,25554.00,32494.12,22066.34,25014.00,/scratch3/workspace/juelinliu_umass_edu-gpu-mvr/gpu-mvr/profiling/experiments/plaid_main_topk_r5/k10/hotpot/plaid_gpu_resident/benchmark_results.csv
plaid_gpu_resident,hotpot,c13,16,12000,dataset,/scratch3/workspace/juelinliu_umass_edu-gpu-mvr/gpu-mvr/dataset/hotpot/colbert/indexes/4bit,1000,10,5,0.023824,41.973992,0.944700,23.824000,27066.00,27066.00,32494.12,22816.36,26526.00,/scratch3/workspace/juelinliu_umass_edu-gpu-mvr/gpu-mvr/profiling/experiments/plaid_main_topk_r5/k10/hotpot/plaid_gpu_resident/benchmark_results.csv
plaid_gpu_resident,hotpot,c13m,16,16000,dataset,/scratch3/workspace/juelinliu_umass_edu-gpu-mvr/gpu-mvr/dataset/hotpot/colbert/indexes/4bit,1000,10,5,0.025254,39.598081,0.944700,25.254000,27068.00,27068.00,32494.12,22816.36,26528.00,/scratch3/workspace/juelinliu_umass_edu-gpu-mvr/gpu-mvr/profiling/experiments/plaid_main_topk_r5/k10/hotpot/plaid_gpu_resident/benchmark_results.csv
plaid_gpu_resident,hotpot,c14,16,20000,dataset,/scratch3/workspace/juelinliu_umass_edu-gpu-mvr/gpu-mvr/dataset/hotpot/colbert/indexes/4bit,1000,10,5,0.026772,37.352650,0.944700,26.772000,27066.00,27066.00,32494.12,22816.36,26526.00,/scratch3/workspace/juelinliu_umass_edu-gpu-mvr/gpu-mvr/profiling/experiments/plaid_main_topk_r5/k10/hotpot/plaid_gpu_resident/benchmark_results.csv
plaid_gpu_resident,hotpot,c0,1,250,dataset,/scratch3/workspace/juelinliu_umass_edu-gpu-mvr/gpu-mvr/dataset/hotpot/colbert/indexes/4bit,1000,100,5,0.006387,156.558281,0.424820,6.387000,21270.00,21270.00,32494.12,19806.23,20730.00,/scratch3/workspace/juelinliu_umass_edu-gpu-mvr/gpu-mvr/profiling/experiments/plaid_main_topk_r5/k100/hotpot/plaid_gpu_resident/benchmark_results.csv
plaid_gpu_resident,hotpot,c1,1,500,dataset,/scratch3/workspace/juelinliu_umass_edu-gpu-mvr/gpu-mvr/dataset/hotpot/colbert/indexes/4bit,1000,100,5,0.006428,155.577050,0.610780,6.428000,21280.00,21280.00,32494.12,19805.79,20740.00,/scratch3/workspace/juelinliu_umass_edu-gpu-mvr/gpu-mvr/profiling/experiments/plaid_main_topk_r5/k100/hotpot/plaid_gpu_resident/benchmark_results.csv
plaid_gpu_resident,hotpot,c1m,1,750,dataset,/scratch3/workspace/juelinliu_umass_edu-gpu-mvr/gpu-mvr/dataset/hotpot/colbert/indexes/4bit,1000,100,5,0.006442,155.219853,0.691850,6.442000,21280.00,21280.00,32494.12,19805.79,20740.00,/scratch3/workspace/juelinliu_umass_edu-gpu-mvr/gpu-mvr/profiling/experiments/plaid_main_topk_r5/k100/hotpot/plaid_gpu_resident/benchmark_results.csv
plaid_gpu_resident,hotpot,c2,1,1000,dataset,/scratch3/workspace/juelinliu_umass_edu-gpu-mvr/gpu-mvr/dataset/hotpot/colbert/indexes/4bit,1000,100,5,0.006463,154.719832,0.731430,6.463000,21280.00,21280.00,32494.12,19805.79,20740.00,/scratch3/workspace/juelinliu_umass_edu-gpu-mvr/gpu-mvr/profiling/experiments/plaid_main_topk_r5/k100/hotpot/plaid_gpu_resident/benchmark_results.csv
plaid_gpu_resident,hotpot,c2m,1,1500,dataset,/scratch3/workspace/juelinliu_umass_edu-gpu-mvr/gpu-mvr/dataset/hotpot/colbert/indexes/4bit,1000,100,5,0.006560,152.429111,0.765070,6.560000,21280.00,21280.00,32494.12,19805.79,20740.00,/scratch3/workspace/juelinliu_umass_edu-gpu-mvr/gpu-mvr/profiling/experiments/plaid_main_topk_r5/k100/hotpot/plaid_gpu_resident/benchmark_results.csv
plaid_gpu_resident,hotpot,c3,2,1000,dataset,/scratch3/workspace/juelinliu_umass_edu-gpu-mvr/gpu-mvr/dataset/hotpot/colbert/indexes/4bit,1000,100,5,0.007918,126.286871,0.800000,7.918000,21174.00,21174.00,32494.12,20089.63,20634.00,/scratch3/workspace/juelinliu_umass_edu-gpu-mvr/gpu-mvr/profiling/experiments/plaid_main_topk_r5/k100/hotpot/plaid_gpu_resident/benchmark_results.csv
plaid_gpu_resident,hotpot,c3m,2,1500,dataset,/scratch3/workspace/juelinliu_umass_edu-gpu-mvr/gpu-mvr/dataset/hotpot/colbert/indexes/4bit,1000,100,5,0.007986,125.217610,0.844110,7.986000,21174.00,21174.00,32494.12,20089.63,20634.00,/scratch3/workspace/juelinliu_umass_edu-gpu-mvr/gpu-mvr/profiling/experiments/plaid_main_topk_r5/k100/hotpot/plaid_gpu_resident/benchmark_results.csv
plaid_gpu_resident,hotpot,c4,2,2000,dataset,/scratch3/workspace/juelinliu_umass_edu-gpu-mvr/gpu-mvr/dataset/hotpot/colbert/indexes/4bit,1000,100,5,0.008177,122.294724,0.862520,8.177000,21174.00,21174.00,32494.12,20089.63,20634.00,/scratch3/workspace/juelinliu_umass_edu-gpu-mvr/gpu-mvr/profiling/experiments/plaid_main_topk_r5/k100/hotpot/plaid_gpu_resident/benchmark_results.csv
plaid_gpu_resident,hotpot,c4m,2,3000,dataset,/scratch3/workspace/juelinliu_umass_edu-gpu-mvr/gpu-mvr/dataset/hotpot/colbert/indexes/4bit,1000,100,5,0.008407,118.949212,0.876860,8.407000,21206.00,21206.00,32494.12,20089.63,20666.00,/scratch3/workspace/juelinliu_umass_edu-gpu-mvr/gpu-mvr/profiling/experiments/plaid_main_topk_r5/k100/hotpot/plaid_gpu_resident/benchmark_results.csv
plaid_gpu_resident,hotpot,c5,2,4000,dataset,/scratch3/workspace/juelinliu_umass_edu-gpu-mvr/gpu-mvr/dataset/hotpot/colbert/indexes/4bit,1000,100,5,0.008702,114.921988,0.882110,8.702000,21216.00,21216.00,32494.12,20089.63,20676.00,/scratch3/workspace/juelinliu_umass_edu-gpu-mvr/gpu-mvr/profiling/experiments/plaid_main_topk_r5/k100/hotpot/plaid_gpu_resident/benchmark_results.csv
plaid_gpu_resident,hotpot,c5m,3,4000,dataset,/scratch3/workspace/juelinliu_umass_edu-gpu-mvr/gpu-mvr/dataset/hotpot/colbert/indexes/4bit,1000,100,5,0.009884,101.175008,0.911950,9.884000,21740.00,21740.00,32494.12,20350.63,21200.00,/scratch3/workspace/juelinliu_umass_edu-gpu-mvr/gpu-mvr/profiling/experiments/plaid_main_topk_r5/k100/hotpot/plaid_gpu_resident/benchmark_results.csv
plaid_gpu_resident,hotpot,c7,4,4000,dataset,/scratch3/workspace/juelinliu_umass_edu-gpu-mvr/gpu-mvr/dataset/hotpot/colbert/indexes/4bit,1000,100,5,0.011058,90.434441,0.925100,11.058000,22304.00,22304.00,32494.12,20594.07,21764.00,/scratch3/workspace/juelinliu_umass_edu-gpu-mvr/gpu-mvr/profiling/experiments/plaid_main_topk_r5/k100/hotpot/plaid_gpu_resident/benchmark_results.csv
plaid_gpu_resident,hotpot,c7m,4,6000,dataset,/scratch3/workspace/juelinliu_umass_edu-gpu-mvr/gpu-mvr/dataset/hotpot/colbert/indexes/4bit,1000,100,5,0.011701,85.463668,0.929900,11.701000,22368.00,22368.00,32494.12,20593.30,21828.00,/scratch3/workspace/juelinliu_umass_edu-gpu-mvr/gpu-mvr/profiling/experiments/plaid_main_topk_r5/k100/hotpot/plaid_gpu_resident/benchmark_results.csv
plaid_gpu_resident,hotpot,c8,4,8000,dataset,/scratch3/workspace/juelinliu_umass_edu-gpu-mvr/gpu-mvr/dataset/hotpot/colbert/indexes/4bit,1000,100,5,0.012387,80.732831,0.931300,12.387000,22388.00,22388.00,32494.12,20594.07,21848.00,/scratch3/workspace/juelinliu_umass_edu-gpu-mvr/gpu-mvr/profiling/experiments/plaid_main_topk_r5/k100/hotpot/plaid_gpu_resident/benchmark_results.csv
plaid_gpu_resident,hotpot,c8m,6,8000,dataset,/scratch3/workspace/juelinliu_umass_edu-gpu-mvr/gpu-mvr/dataset/hotpot/colbert/indexes/4bit,1000,100,5,0.014573,68.620337,0.941810,14.573000,23320.00,23320.00,32494.12,21070.79,22780.00,/scratch3/workspace/juelinliu_umass_edu-gpu-mvr/gpu-mvr/profiling/experiments/plaid_main_topk_r5/k100/hotpot/plaid_gpu_resident/benchmark_results.csv
plaid_gpu_resident,hotpot,c10,8,8000,dataset,/scratch3/workspace/juelinliu_umass_edu-gpu-mvr/gpu-mvr/dataset/hotpot/colbert/indexes/4bit,1000,100,5,0.016587,60.289097,0.945460,16.587000,24292.00,24292.00,32494.12,21529.09,23752.00,/scratch3/workspace/juelinliu_umass_edu-gpu-mvr/gpu-mvr/profiling/experiments/plaid_main_topk_r5/k100/hotpot/plaid_gpu_resident/benchmark_results.csv
plaid_gpu_resident,hotpot,c10m,8,10000,dataset,/scratch3/workspace/juelinliu_umass_edu-gpu-mvr/gpu-mvr/dataset/hotpot/colbert/indexes/4bit,1000,100,5,0.017262,57.929383,0.946150,17.262000,24294.00,24294.00,32494.12,21529.09,23754.00,/scratch3/workspace/juelinliu_umass_edu-gpu-mvr/gpu-mvr/profiling/experiments/plaid_main_topk_r5/k100/hotpot/plaid_gpu_resident/benchmark_results.csv
plaid_gpu_resident,hotpot,c11,8,12000,dataset,/scratch3/workspace/juelinliu_umass_edu-gpu-mvr/gpu-mvr/dataset/hotpot/colbert/indexes/4bit,1000,100,5,0.017971,55.645601,0.946610,17.971000,24418.00,24418.00,32494.12,21529.09,23878.00,/scratch3/workspace/juelinliu_umass_edu-gpu-mvr/gpu-mvr/profiling/experiments/plaid_main_topk_r5/k100/hotpot/plaid_gpu_resident/benchmark_results.csv
plaid_gpu_resident,hotpot,c11m,12,12000,dataset,/scratch3/workspace/juelinliu_umass_edu-gpu-mvr/gpu-mvr/dataset/hotpot/colbert/indexes/4bit,1000,100,5,0.021685,46.114734,0.948910,21.685000,26114.00,26114.00,32494.12,22335.00,25574.00,/scratch3/workspace/juelinliu_umass_edu-gpu-mvr/gpu-mvr/profiling/experiments/plaid_main_topk_r5/k100/hotpot/plaid_gpu_resident/benchmark_results.csv
plaid_gpu_resident,hotpot,c13,16,12000,dataset,/scratch3/workspace/juelinliu_umass_edu-gpu-mvr/gpu-mvr/dataset/hotpot/colbert/indexes/4bit,1000,100,5,0.025234,39.629672,0.949360,25.234000,27776.00,27776.00,32494.12,23143.61,27236.00,/scratch3/workspace/juelinliu_umass_edu-gpu-mvr/gpu-mvr/profiling/experiments/plaid_main_topk_r5/k100/hotpot/plaid_gpu_resident/benchmark_results.csv
plaid_gpu_resident,hotpot,c13m,16,16000,dataset,/scratch3/workspace/juelinliu_umass_edu-gpu-mvr/gpu-mvr/dataset/hotpot/colbert/indexes/4bit,1000,100,5,0.026619,37.567383,0.949870,26.619000,27776.00,27776.00,32494.12,23143.61,27236.00,/scratch3/workspace/juelinliu_umass_edu-gpu-mvr/gpu-mvr/profiling/experiments/plaid_main_topk_r5/k100/hotpot/plaid_gpu_resident/benchmark_results.csv
plaid_gpu_resident,hotpot,c14,16,20000,dataset,/scratch3/workspace/juelinliu_umass_edu-gpu-mvr/gpu-mvr/dataset/hotpot/colbert/indexes/4bit,1000,100,5,0.028114,35.569864,0.950220,28.114000,27986.00,27986.00,32494.12,23142.69,27446.00,/scratch3/workspace/juelinliu_umass_edu-gpu-mvr/gpu-mvr/profiling/experiments/plaid_main_topk_r5/k100/hotpot/plaid_gpu_resident/benchmark_results.csv
plaid_gpu_resident,lotte,c0,1,250,dataset,/scratch3/workspace/juelinliu_umass_edu-gpu-mvr/gpu-mvr/dataset/lotte/colbert/indexes/4bit,2931,10,5,0.005713,175.040497,0.870215,5.713000,19554.00,19554.00,32494.12,18404.24,19014.00,/scratch3/workspace/juelinliu_umass_edu-gpu-mvr/gpu-mvr/profiling/experiments/plaid_main_topk_r5/k10/lotte/plaid_gpu_resident/benchmark_results.csv
plaid_gpu_resident,lotte,c1,1,500,dataset,/scratch3/workspace/juelinliu_umass_edu-gpu-mvr/gpu-mvr/dataset/lotte/colbert/indexes/4bit,2931,10,5,0.005737,174.294227,0.909826,5.737000,19554.00,19554.00,32494.12,18404.24,19014.00,/scratch3/workspace/juelinliu_umass_edu-gpu-mvr/gpu-mvr/profiling/experiments/plaid_main_topk_r5/k10/lotte/plaid_gpu_resident/benchmark_results.csv
plaid_gpu_resident,lotte,c1m,1,750,dataset,/scratch3/workspace/juelinliu_umass_edu-gpu-mvr/gpu-mvr/dataset/lotte/colbert/indexes/4bit,2931,10,5,0.005797,172.493723,0.920744,5.797000,19554.00,19554.00,32494.12,18404.24,19014.00,/scratch3/workspace/juelinliu_umass_edu-gpu-mvr/gpu-mvr/profiling/experiments/plaid_main_topk_r5/k10/lotte/plaid_gpu_resident/benchmark_results.csv
plaid_gpu_resident,lotte,c2,1,1000,dataset,/scratch3/workspace/juelinliu_umass_edu-gpu-mvr/gpu-mvr/dataset/lotte/colbert/indexes/4bit,2931,10,5,0.005814,171.990312,0.925725,5.814000,19554.00,19554.00,32494.12,18404.24,19014.00,/scratch3/workspace/juelinliu_umass_edu-gpu-mvr/gpu-mvr/profiling/experiments/plaid_main_topk_r5/k10/lotte/plaid_gpu_resident/benchmark_results.csv
plaid_gpu_resident,lotte,c2m,1,1500,dataset,/scratch3/workspace/juelinliu_umass_edu-gpu-mvr/gpu-mvr/dataset/lotte/colbert/indexes/4bit,2931,10,5,0.005977,167.302604,0.930945,5.977000,19570.00,19570.00,32494.12,18403.72,19030.00,/scratch3/workspace/juelinliu_umass_edu-gpu-mvr/gpu-mvr/profiling/experiments/plaid_main_topk_r5/k10/lotte/plaid_gpu_resident/benchmark_results.csv
plaid_gpu_resident,lotte,c3,2,1000,dataset,/scratch3/workspace/juelinliu_umass_edu-gpu-mvr/gpu-mvr/dataset/lotte/colbert/indexes/4bit,2931,10,5,0.006796,147.139542,0.942272,6.796000,20230.00,20230.00,32494.12,18657.41,19690.00,/scratch3/workspace/juelinliu_umass_edu-gpu-mvr/gpu-mvr/profiling/experiments/plaid_main_topk_r5/k10/lotte/plaid_gpu_resident/benchmark_results.csv
plaid_gpu_resident,lotte,c3m,2,1500,dataset,/scratch3/workspace/juelinliu_umass_edu-gpu-mvr/gpu-mvr/dataset/lotte/colbert/indexes/4bit,2931,10,5,0.006947,143.948105,0.947970,6.947000,20230.00,20230.00,32494.12,18657.41,19690.00,/scratch3/workspace/juelinliu_umass_edu-gpu-mvr/gpu-mvr/profiling/experiments/plaid_main_topk_r5/k10/lotte/plaid_gpu_resident/benchmark_results.csv
plaid_gpu_resident,lotte,c4,2,2000,dataset,/scratch3/workspace/juelinliu_umass_edu-gpu-mvr/gpu-mvr/dataset/lotte/colbert/indexes/4bit,2931,10,5,0.007140,140.047506,0.950631,7.140000,20252.00,20252.00,32494.12,18657.48,19712.00,/scratch3/workspace/juelinliu_umass_edu-gpu-mvr/gpu-mvr/profiling/experiments/plaid_main_topk_r5/k10/lotte/plaid_gpu_resident/benchmark_results.csv
plaid_gpu_resident,lotte,c4m,2,3000,dataset,/scratch3/workspace/juelinliu_umass_edu-gpu-mvr/gpu-mvr/dataset/lotte/colbert/indexes/4bit,2931,10,5,0.007518,133.017886,0.952644,7.518000,20306.00,20306.00,32494.12,18657.48,19766.00,/scratch3/workspace/juelinliu_umass_edu-gpu-mvr/gpu-mvr/profiling/experiments/plaid_main_topk_r5/k10/lotte/plaid_gpu_resident/benchmark_results.csv
plaid_gpu_resident,lotte,c5,2,4000,dataset,/scratch3/workspace/juelinliu_umass_edu-gpu-mvr/gpu-mvr/dataset/lotte/colbert/indexes/4bit,2931,10,5,0.007957,125.681559,0.953702,7.957000,20366.00,20366.00,32494.12,18656.76,19826.00,/scratch3/workspace/juelinliu_umass_edu-gpu-mvr/gpu-mvr/profiling/experiments/plaid_main_topk_r5/k10/lotte/plaid_gpu_resident/benchmark_results.csv
plaid_gpu_resident,lotte,c5m,3,4000,dataset,/scratch3/workspace/juelinliu_umass_edu-gpu-mvr/gpu-mvr/dataset/lotte/colbert/indexes/4bit,2931,10,5,0.008744,114.364087,0.957387,8.744000,20856.00,20856.00,32494.12,18864.15,20316.00,/scratch3/workspace/juelinliu_umass_edu-gpu-mvr/gpu-mvr/profiling/experiments/plaid_main_topk_r5/k10/lotte/plaid_gpu_resident/benchmark_results.csv
plaid_gpu_resident,lotte,c7,4,4000,dataset,/scratch3/workspace/juelinliu_umass_edu-gpu-mvr/gpu-mvr/dataset/lotte/colbert/indexes/4bit,2931,10,5,0.009485,105.431873,0.958069,9.485000,21464.00,21464.00,32494.12,19123.75,20924.00,/scratch3/workspace/juelinliu_umass_edu-gpu-mvr/gpu-mvr/profiling/experiments/plaid_main_topk_r5/k10/lotte/plaid_gpu_resident/benchmark_results.csv
plaid_gpu_resident,lotte,c7m,4,6000,dataset,/scratch3/workspace/juelinliu_umass_edu-gpu-mvr/gpu-mvr/dataset/lotte/colbert/indexes/4bit,2931,10,5,0.010462,95.580336,0.958581,10.462000,21590.00,21590.00,32494.12,19124.11,21048.00,/scratch3/workspace/juelinliu_umass_edu-gpu-mvr/gpu-mvr/profiling/experiments/plaid_main_topk_r5/k10/lotte/plaid_gpu_resident/benchmark_results.csv
plaid_gpu_resident,lotte,c8,4,8000,dataset,/scratch3/workspace/juelinliu_umass_edu-gpu-mvr/gpu-mvr/dataset/lotte/colbert/indexes/4bit,2931,10,5,0.011395,87.755928,0.959331,11.395000,21708.00,21708.00,32494.12,19123.75,21166.00,/scratch3/workspace/juelinliu_umass_edu-gpu-mvr/gpu-mvr/profiling/experiments/plaid_main_topk_r5/k10/lotte/plaid_gpu_resident/benchmark_results.csv
plaid_gpu_resident,lotte,c8m,6,8000,dataset,/scratch3/workspace/juelinliu_umass_edu-gpu-mvr/gpu-mvr/dataset/lotte/colbert/indexes/4bit,2931,10,5,0.012854,77.795268,0.959638,12.854000,22636.00,22636.00,32494.12,19438.24,22094.00,/scratch3/workspace/juelinliu_umass_edu-gpu-mvr/gpu-mvr/profiling/experiments/plaid_main_topk_r5/k10/lotte/plaid_gpu_resident/benchmark_results.csv
plaid_gpu_resident,lotte,c10,8,8000,dataset,/scratch3/workspace/juelinliu_umass_edu-gpu-mvr/gpu-mvr/dataset/lotte/colbert/indexes/4bit,2931,10,5,0.014264,70.104622,0.959604,14.264000,23778.00,23778.00,32494.12,19741.78,23236.00,/scratch3/workspace/juelinliu_umass_edu-gpu-mvr/gpu-mvr/profiling/experiments/plaid_main_topk_r5/k10/lotte/plaid_gpu_resident/benchmark_results.csv
plaid_gpu_resident,lotte,c10m,8,10000,dataset,/scratch3/workspace/juelinliu_umass_edu-gpu-mvr/gpu-mvr/dataset/lotte/colbert/indexes/4bit,2931,10,5,0.015206,65.762982,0.959843,15.206000,23866.00,23866.00,32494.12,19741.78,23324.00,/scratch3/workspace/juelinliu_umass_edu-gpu-mvr/gpu-mvr/profiling/experiments/plaid_main_topk_r5/k10/lotte/plaid_gpu_resident/benchmark_results.csv
plaid_gpu_resident,lotte,c11,8,12000,dataset,/scratch3/workspace/juelinliu_umass_edu-gpu-mvr/gpu-mvr/dataset/lotte/colbert/indexes/4bit,2931,10,5,0.016119,62.037443,0.960218,16.119000,23894.00,23894.00,32494.12,19741.63,23352.00,/scratch3/workspace/juelinliu_umass_edu-gpu-mvr/gpu-mvr/profiling/experiments/plaid_main_topk_r5/k10/lotte/plaid_gpu_resident/benchmark_results.csv
plaid_gpu_resident,lotte,c11m,12,12000,dataset,/scratch3/workspace/juelinliu_umass_edu-gpu-mvr/gpu-mvr/dataset/lotte/colbert/indexes/4bit,2931,10,5,0.018820,53.133688,0.960048,18.820000,27066.00,27066.00,32494.12,20442.60,26524.00,/scratch3/workspace/juelinliu_umass_edu-gpu-mvr/gpu-mvr/profiling/experiments/plaid_main_topk_r5/k10/lotte/plaid_gpu_resident/benchmark_results.csv
plaid_gpu_resident,lotte,c13,16,12000,dataset,/scratch3/workspace/juelinliu_umass_edu-gpu-mvr/gpu-mvr/dataset/lotte/colbert/indexes/4bit,2931,10,5,0.021239,47.083368,0.960048,21.239000,31646.00,31646.00,32494.12,21357.48,31104.00,/scratch3/workspace/juelinliu_umass_edu-gpu-mvr/gpu-mvr/profiling/experiments/plaid_main_topk_r5/k10/lotte/plaid_gpu_resident/benchmark_results.csv
plaid_gpu_resident,lotte,c13m,16,16000,dataset,/scratch3/workspace/juelinliu_umass_edu-gpu-mvr/gpu-mvr/dataset/lotte/colbert/indexes/4bit,2931,10,5,0.023152,43.193662,0.960491,23.152000,31720.00,31720.00,32494.12,21357.48,31178.00,/scratch3/workspace/juelinliu_umass_edu-gpu-mvr/gpu-mvr/profiling/experiments/plaid_main_topk_r5/k10/lotte/plaid_gpu_resident/benchmark_results.csv
plaid_gpu_resident,lotte,c14,16,20000,dataset,/scratch3/workspace/juelinliu_umass_edu-gpu-mvr/gpu-mvr/dataset/lotte/colbert/indexes/4bit,2931,10,5,0.025129,39.795115,0.960798,25.129000,31792.00,31792.00,32494.12,21361.03,31250.00,/scratch3/workspace/juelinliu_umass_edu-gpu-mvr/gpu-mvr/profiling/experiments/plaid_main_topk_r5/k10/lotte/plaid_gpu_resident/benchmark_results.csv
plaid_gpu_resident,lotte,c0,1,250,dataset,/scratch3/workspace/juelinliu_umass_edu-gpu-mvr/gpu-mvr/dataset/lotte/colbert/indexes/4bit,2931,100,5,0.005794,172.581995,0.432040,5.794000,19836.00,19836.00,32494.12,18422.05,19296.00,/scratch3/workspace/juelinliu_umass_edu-gpu-mvr/gpu-mvr/profiling/experiments/plaid_main_topk_r5/k100/lotte/plaid_gpu_resident/benchmark_results.csv
plaid_gpu_resident,lotte,c1,1,500,dataset,/scratch3/workspace/juelinliu_umass_edu-gpu-mvr/gpu-mvr/dataset/lotte/colbert/indexes/4bit,2931,100,5,0.005842,171.175647,0.633122,5.842000,19838.00,19838.00,32494.12,18422.05,19298.00,/scratch3/workspace/juelinliu_umass_edu-gpu-mvr/gpu-mvr/profiling/experiments/plaid_main_topk_r5/k100/lotte/plaid_gpu_resident/benchmark_results.csv
plaid_gpu_resident,lotte,c1m,1,750,dataset,/scratch3/workspace/juelinliu_umass_edu-gpu-mvr/gpu-mvr/dataset/lotte/colbert/indexes/4bit,2931,100,5,0.005866,170.467573,0.725264,5.866000,19838.00,19838.00,32494.12,18422.05,19298.00,/scratch3/workspace/juelinliu_umass_edu-gpu-mvr/gpu-mvr/profiling/experiments/plaid_main_topk_r5/k100/lotte/plaid_gpu_resident/benchmark_results.csv
plaid_gpu_resident,lotte,c2,1,1000,dataset,/scratch3/workspace/juelinliu_umass_edu-gpu-mvr/gpu-mvr/dataset/lotte/colbert/indexes/4bit,2931,100,5,0.005969,167.534201,0.774050,5.969000,19838.00,19838.00,32494.12,18422.05,19298.00,/scratch3/workspace/juelinliu_umass_edu-gpu-mvr/gpu-mvr/profiling/experiments/plaid_main_topk_r5/k100/lotte/plaid_gpu_resident/benchmark_results.csv
plaid_gpu_resident,lotte,c2m,1,1500,dataset,/scratch3/workspace/juelinliu_umass_edu-gpu-mvr/gpu-mvr/dataset/lotte/colbert/indexes/4bit,2931,100,5,0.006079,164.501192,0.820607,6.079000,19836.00,19836.00,32494.12,18422.05,19296.00,/scratch3/workspace/juelinliu_umass_edu-gpu-mvr/gpu-mvr/profiling/experiments/plaid_main_topk_r5/k100/lotte/plaid_gpu_resident/benchmark_results.csv
plaid_gpu_resident,lotte,c3,2,1000,dataset,/scratch3/workspace/juelinliu_umass_edu-gpu-mvr/gpu-mvr/dataset/lotte/colbert/indexes/4bit,2931,100,5,0.007011,142.626556,0.806738,7.011000,20030.00,20030.00,32494.12,18718.66,19490.00,/scratch3/workspace/juelinliu_umass_edu-gpu-mvr/gpu-mvr/profiling/experiments/plaid_main_topk_r5/k100/lotte/plaid_gpu_resident/benchmark_results.csv
plaid_gpu_resident,lotte,c3m,2,1500,dataset,/scratch3/workspace/juelinliu_umass_edu-gpu-mvr/gpu-mvr/dataset/lotte/colbert/indexes/4bit,2931,100,5,0.007127,140.307778,0.860863,7.127000,20030.00,20030.00,32494.12,18718.66,19490.00,/scratch3/workspace/juelinliu_umass_edu-gpu-mvr/gpu-mvr/profiling/experiments/plaid_main_topk_r5/k100/lotte/plaid_gpu_resident/benchmark_results.csv
plaid_gpu_resident,lotte,c4,2,2000,dataset,/scratch3/workspace/juelinliu_umass_edu-gpu-mvr/gpu-mvr/dataset/lotte/colbert/indexes/4bit,2931,100,5,0.007348,136.085755,0.886673,7.348000,20030.00,20030.00,32494.12,18718.66,19490.00,/scratch3/workspace/juelinliu_umass_edu-gpu-mvr/gpu-mvr/profiling/experiments/plaid_main_topk_r5/k100/lotte/plaid_gpu_resident/benchmark_results.csv
plaid_gpu_resident,lotte,c4m,2,3000,dataset,/scratch3/workspace/juelinliu_umass_edu-gpu-mvr/gpu-mvr/dataset/lotte/colbert/indexes/4bit,2931,100,5,0.007702,129.839752,0.910000,7.702000,20062.00,20062.00,32494.12,18718.66,19522.00,/scratch3/workspace/juelinliu_umass_edu-gpu-mvr/gpu-mvr/profiling/experiments/plaid_main_topk_r5/k100/lotte/plaid_gpu_resident/benchmark_results.csv
plaid_gpu_resident,lotte,c5,2,4000,dataset,/scratch3/workspace/juelinliu_umass_edu-gpu-mvr/gpu-mvr/dataset/lotte/colbert/indexes/4bit,2931,100,5,0.008092,123.575169,0.920212,8.092000,20104.00,20104.00,32494.12,18718.52,19564.00,/scratch3/workspace/juelinliu_umass_edu-gpu-mvr/gpu-mvr/profiling/experiments/plaid_main_topk_r5/k100/lotte/plaid_gpu_resident/benchmark_results.csv
plaid_gpu_resident,lotte,c5m,3,4000,dataset,/scratch3/workspace/juelinliu_umass_edu-gpu-mvr/gpu-mvr/dataset/lotte/colbert/indexes/4bit,2931,100,5,0.008983,111.326159,0.932054,8.983000,20566.00,20566.00,32494.12,18947.74,20026.00,/scratch3/workspace/juelinliu_umass_edu-gpu-mvr/gpu-mvr/profiling/experiments/plaid_main_topk_r5/k100/lotte/plaid_gpu_resident/benchmark_results.csv
plaid_gpu_resident,lotte,c7,4,4000,dataset,/scratch3/workspace/juelinliu_umass_edu-gpu-mvr/gpu-mvr/dataset/lotte/colbert/indexes/4bit,2931,100,5,0.009771,102.341137,0.936022,9.771000,21094.00,21094.00,32494.12,19235.98,20554.00,/scratch3/workspace/juelinliu_umass_edu-gpu-mvr/gpu-mvr/profiling/experiments/plaid_main_topk_r5/k100/lotte/plaid_gpu_resident/benchmark_results.csv
plaid_gpu_resident,lotte,c7m,4,6000,dataset,/scratch3/workspace/juelinliu_umass_edu-gpu-mvr/gpu-mvr/dataset/lotte/colbert/indexes/4bit,2931,100,5,0.010745,93.062673,0.946387,10.745000,21160.00,21160.00,32494.12,19235.98,20618.00,/scratch3/workspace/juelinliu_umass_edu-gpu-mvr/gpu-mvr/profiling/experiments/plaid_main_topk_r5/k100/lotte/plaid_gpu_resident/benchmark_results.csv
plaid_gpu_resident,lotte,c8,4,8000,dataset,/scratch3/workspace/juelinliu_umass_edu-gpu-mvr/gpu-mvr/dataset/lotte/colbert/indexes/4bit,2931,100,5,0.011688,85.556413,0.950720,11.688000,21240.00,21240.00,32494.12,19236.16,20698.00,/scratch3/workspace/juelinliu_umass_edu-gpu-mvr/gpu-mvr/profiling/experiments/plaid_main_topk_r5/k100/lotte/plaid_gpu_resident/benchmark_results.csv
plaid_gpu_resident,lotte,c8m,6,8000,dataset,/scratch3/workspace/juelinliu_umass_edu-gpu-mvr/gpu-mvr/dataset/lotte/colbert/indexes/4bit,2931,100,5,0.013311,75.126893,0.953582,13.311000,22148.00,22148.00,32494.12,19583.13,21606.00,/scratch3/workspace/juelinliu_umass_edu-gpu-mvr/gpu-mvr/profiling/experiments/plaid_main_topk_r5/k100/lotte/plaid_gpu_resident/benchmark_results.csv
plaid_gpu_resident,lotte,c10,8,8000,dataset,/scratch3/workspace/juelinliu_umass_edu-gpu-mvr/gpu-mvr/dataset/lotte/colbert/indexes/4bit,2931,100,5,0.014818,67.487105,0.954265,14.818000,22922.00,22922.00,32494.12,20058.67,22380.00,/scratch3/workspace/juelinliu_umass_edu-gpu-mvr/gpu-mvr/profiling/experiments/plaid_main_topk_r5/k100/lotte/plaid_gpu_resident/benchmark_results.csv
plaid_gpu_resident,lotte,c10m,8,10000,dataset,/scratch3/workspace/juelinliu_umass_edu-gpu-mvr/gpu-mvr/dataset/lotte/colbert/indexes/4bit,2931,100,5,0.015716,63.627787,0.956759,15.716000,23116.00,23116.00,32494.12,20057.63,22574.00,/scratch3/workspace/juelinliu_umass_edu-gpu-mvr/gpu-mvr/profiling/experiments/plaid_main_topk_r5/k100/lotte/plaid_gpu_resident/benchmark_results.csv
plaid_gpu_resident,lotte,c11,8,12000,dataset,/scratch3/workspace/juelinliu_umass_edu-gpu-mvr/gpu-mvr/dataset/lotte/colbert/indexes/4bit,2931,100,5,0.016635,60.114759,0.958257,16.635000,23182.00,23182.00,32494.12,20057.63,22640.00,/scratch3/workspace/juelinliu_umass_edu-gpu-mvr/gpu-mvr/profiling/experiments/plaid_main_topk_r5/k100/lotte/plaid_gpu_resident/benchmark_results.csv
plaid_gpu_resident,lotte,c11m,12,12000,dataset,/scratch3/workspace/juelinliu_umass_edu-gpu-mvr/gpu-mvr/dataset/lotte/colbert/indexes/4bit,2931,100,5,0.019511,51.252167,0.958519,19.511000,26026.00,26026.00,32494.12,20741.77,25484.00,/scratch3/workspace/juelinliu_umass_edu-gpu-mvr/gpu-mvr/profiling/experiments/plaid_main_topk_r5/k100/lotte/plaid_gpu_resident/benchmark_results.csv
plaid_gpu_resident,lotte,c13,16,12000,dataset,/scratch3/workspace/juelinliu_umass_edu-gpu-mvr/gpu-mvr/dataset/lotte/colbert/indexes/4bit,2931,100,5,0.022239,44.965399,0.958557,22.239000,30402.00,30402.00,32494.12,21618.11,29860.00,/scratch3/workspace/juelinliu_umass_edu-gpu-mvr/gpu-mvr/profiling/experiments/plaid_main_topk_r5/k100/lotte/plaid_gpu_resident/benchmark_results.csv
plaid_gpu_resident,lotte,c13m,16,16000,dataset,/scratch3/workspace/juelinliu_umass_edu-gpu-mvr/gpu-mvr/dataset/lotte/colbert/indexes/4bit,2931,100,5,0.024157,41.396216,0.960147,24.157000,30682.00,30682.00,32494.12,21618.11,30140.00,/scratch3/workspace/juelinliu_umass_edu-gpu-mvr/gpu-mvr/profiling/experiments/plaid_main_topk_r5/k100/lotte/plaid_gpu_resident/benchmark_results.csv
plaid_gpu_resident,lotte,c14,16,20000,dataset,/scratch3/workspace/juelinliu_umass_edu-gpu-mvr/gpu-mvr/dataset/lotte/colbert/indexes/4bit,2931,100,5,0.026190,38.182802,0.961331,26.190000,30786.00,30786.00,32494.12,21619.08,30244.00,/scratch3/workspace/juelinliu_umass_edu-gpu-mvr/gpu-mvr/profiling/experiments/plaid_main_topk_r5/k100/lotte/plaid_gpu_resident/benchmark_results.csv
