threads,implementation,dataset,target_recall,selection_label,recall,k,queries,avg_end_to_end_ms,avg_stage1_ms,avg_stage2_ms,avg_stage3_ms,stage1_plus_stage2_ms,stage1_pct_end_to_end,stage2_pct_end_to_end,stage3_pct_end_to_end,stage1_plus_stage2_pct_end_to_end,avg_stage1_probe_ms,avg_stage1_prepare_ms,avg_stage1_scan_ms,avg_stage1_reduce_ms,avg_stage1_reduce_merge_ms,avg_stage1_reduce_sort_ms,avg_stage2_lut_ms,avg_stage2_score_docs_ms,avg_stage2_select_topk_ms,avg_stage2_materialize_ms,avg_stage3_prepare_ms,avg_stage3_score_docs_ms,avg_stage3_select_topk_ms,hostname,cpu_model,slurm_job_id,slurm_array_task_id,batch_id,log_file,avg_profiled_total_ms,avg_accounted_ms,avg_unaccounted_ms,avg_query_setup_ms,avg_stage1_reduce_within_query_merge_ms,avg_stage1_reduce_cross_query_merge_ms,avg_stage1_cleanup_ms,avg_stage12_ms,stage12_pct_end_to_end,stage1_pct_profiled_total,stage2_pct_profiled_total,stage3_pct_profiled_total,stage12_pct_profiled_total,query_setup_pct_end_to_end,stage1_doc_accum_mode,stage3_schedule,stage3_quantized_payload,stage3_ex_bits,stage3_combine_mode
1,cpu_search_fast_dynamic_thread_profile,hotpot,0.90,f1,0.909710,100,1000,116.244,64.560,39.362,12.303,103.922000,55.538,33.862,10.583,89.399883,13.370,0.016,33.158,18.009,17.981,0.012,0.045,35.691,0.081,3.540,0.007,12.287,0.009,,,,,profile_cpu_v3_fast_thread_scaling_k100_20260427T111846Z_profile1_t1,/mnt/nfs/work1/marco/juelinliu/gpu-mvr/slurm/logs/cpu_search_profile/cpu_search_fast_dynamic_thread_profile/hotpot/profile_k100_20260427T160841Z_job28680080_task0_f1.log,116.225,116.244,0.000,0.019,0.000,17.981,0.007,103.922,89.400,55.548,33.867,10.585,89.415,0.017,sorted_doc_merge_fast,dynamic_1,doc_4bit_ex_sidecar ex_bits=4 combine_mode=one_bit_plus_ex_bits,,
2,cpu_search_fast_dynamic_thread_profile,hotpot,0.90,f1,0.909710,100,1000,66.628,39.151,19.641,7.811,58.792000,58.761,29.479,11.724,88.239179,9.246,0.014,21.373,8.513,8.490,0.008,0.041,17.485,0.072,2.034,0.008,7.794,0.009,,,,,profile_cpu_v3_fast_thread_scaling_k100_20260427T111846Z_profile1_t2,/mnt/nfs/work1/marco/juelinliu/gpu-mvr/slurm/logs/cpu_search_profile/cpu_search_fast_dynamic_thread_profile/hotpot/profile_k100_20260427T160841Z_job28680085_task0_f1.log,66.604,66.628,0.000,0.024,0.000,8.490,0.005,58.792,88.240,58.782,29.490,11.728,88.272,0.036,sorted_doc_merge_fast,dynamic_1,doc_4bit_ex_sidecar ex_bits=4 combine_mode=one_bit_plus_ex_bits,,
4,cpu_search_fast_dynamic_thread_profile,hotpot,0.90,f1,0.909710,100,1000,32.120,18.951,9.216,3.930,28.167000,59.002,28.693,12.235,87.693026,4.593,0.015,9.451,4.886,4.859,0.010,0.042,7.341,0.076,1.745,0.008,3.912,0.009,,,,,profile_cpu_v3_fast_thread_scaling_k100_20260427T111846Z_profile1_t4,/mnt/nfs/work1/marco/juelinliu/gpu-mvr/slurm/logs/cpu_search_profile/cpu_search_fast_dynamic_thread_profile/hotpot/profile_k100_20260427T161202Z_job28680092_task0_f1.log,32.097,32.120,0.000,0.022,0.000,4.859,0.006,28.167,87.695,59.044,28.713,12.244,87.756,0.070,sorted_doc_merge_fast,dynamic_1,doc_4bit_ex_sidecar ex_bits=4 combine_mode=one_bit_plus_ex_bits,,
8,cpu_search_fast_dynamic_thread_profile,hotpot,0.90,f1,0.909710,100,1000,20.308,12.660,5.376,2.248,18.036000,62.344,26.471,11.071,88.812291,2.591,0.015,5.476,4.572,4.542,0.011,0.041,3.874,0.076,1.373,0.007,2.231,0.010,,,,,profile_cpu_v3_fast_thread_scaling_k100_20260427T111846Z_profile1_t8,/mnt/nfs/work1/marco/juelinliu/gpu-mvr/slurm/logs/cpu_search_profile/cpu_search_fast_dynamic_thread_profile/hotpot/profile_k100_20260427T161430Z_job28680097_task0_f1.log,20.284,20.308,0.000,0.023,0.000,4.542,0.006,18.036,88.815,62.415,26.502,11.084,88.916,0.114,sorted_doc_merge_fast,dynamic_1,doc_4bit_ex_sidecar ex_bits=4 combine_mode=one_bit_plus_ex_bits,,
16,cpu_search_fast_dynamic_thread_profile,hotpot,0.90,f1,0.909710,100,1000,13.069,8.730,2.997,1.315,11.727000,66.800,22.929,10.065,89.731426,1.686,0.014,4.290,2.733,2.699,0.009,0.042,2.095,0.077,0.774,0.006,1.299,0.010,,,,,profile_cpu_v3_fast_thread_scaling_k100_20260427T111846Z_profile1_t16,/mnt/nfs/work1/marco/juelinliu/gpu-mvr/slurm/logs/cpu_search_profile/cpu_search_fast_dynamic_thread_profile/hotpot/profile_k100_20260427T161527Z_job28680102_task0_f1.log,13.042,13.069,0.000,0.027,0.000,2.699,0.008,11.727,89.729,66.937,22.977,10.086,89.914,0.205,sorted_doc_merge_fast,dynamic_1,doc_4bit_ex_sidecar ex_bits=4 combine_mode=one_bit_plus_ex_bits,,
32,cpu_search_fast_dynamic_thread_profile,hotpot,0.90,f1,0.909710,100,1000,8.931,5.777,2.531,0.586,8.308000,64.683,28.335,6.558,93.024297,1.137,0.017,2.712,1.902,1.854,0.010,0.048,1.275,0.090,1.106,0.006,0.568,0.011,,,,,profile_cpu_v3_fast_thread_scaling_k100_20260427T111846Z_profile1_t32,/mnt/nfs/work1/marco/juelinliu/gpu-mvr/slurm/logs/cpu_search_profile/cpu_search_fast_dynamic_thread_profile/hotpot/profile_k100_20260427T161630Z_job28680107_task0_f1.log,8.894,8.931,0.000,0.038,0.000,1.854,0.007,8.308,93.018,64.959,28.455,6.586,93.414,0.424,sorted_doc_merge_fast,dynamic_1,doc_4bit_ex_sidecar ex_bits=4 combine_mode=one_bit_plus_ex_bits,,
36,cpu_search_fast_dynamic_thread_profile,hotpot,0.90,f1,0.909710,100,1000,9.060,6.079,2.404,0.536,8.483000,67.101,26.532,5.914,93.631347,1.154,0.017,2.961,1.940,1.893,0.010,0.048,1.166,0.095,1.082,0.007,0.517,0.011,,,,,profile_cpu_v3_fast_thread_scaling_k100_20260427T111846Z_profile1_t36,/mnt/nfs/work1/marco/juelinliu/gpu-mvr/slurm/logs/cpu_search_profile/cpu_search_fast_dynamic_thread_profile/hotpot/profile_k100_20260427T161752Z_job28680112_task0_f1.log,9.019,9.060,0.000,0.041,0.000,1.893,0.006,8.483,93.632,67.407,26.653,5.941,94.059,0.453,sorted_doc_merge_fast,dynamic_1,doc_4bit_ex_sidecar ex_bits=4 combine_mode=one_bit_plus_ex_bits,,
1,cpu_search_fast_dynamic_thread_profile,hotpot,0.95,i1,0.957730,100,1000,197.926,112.223,61.038,24.647,173.261000,56.699,30.839,12.453,87.538272,22.082,0.012,71.069,19.055,19.026,0.017,0.045,54.497,0.151,6.340,0.013,24.624,0.009,,,,,profile_cpu_v3_fast_thread_scaling_k100_20260427T111846Z_profile1_t1,/mnt/nfs/work1/marco/juelinliu/gpu-mvr/slurm/logs/cpu_search_profile/cpu_search_fast_dynamic_thread_profile/hotpot/profile_k100_20260427T160841Z_job28680081_task1_i1.log,197.908,197.926,0.000,0.018,0.000,19.026,0.004,173.261,87.538,56.705,30.841,12.454,87.546,0.009,sorted_doc_merge_fast,dynamic_1,doc_4bit_ex_sidecar ex_bits=4 combine_mode=one_bit_plus_ex_bits,,
2,cpu_search_fast_dynamic_thread_profile,hotpot,0.95,i1,0.957730,100,1000,123.991,71.215,37.261,15.492,108.476000,57.435,30.052,12.495,87.486995,15.039,0.016,42.407,13.748,13.714,0.016,0.043,32.624,0.152,4.434,0.015,15.466,0.011,,,,,profile_cpu_v3_fast_thread_scaling_k100_20260427T111846Z_profile1_t2,/mnt/nfs/work1/marco/juelinliu/gpu-mvr/slurm/logs/cpu_search_profile/cpu_search_fast_dynamic_thread_profile/hotpot/profile_k100_20260427T160841Z_job28680086_task1_i1.log,123.969,123.991,0.000,0.023,0.000,13.714,0.006,108.476,87.487,57.446,30.057,12.497,87.503,0.018,sorted_doc_merge_fast,dynamic_1,doc_4bit_ex_sidecar ex_bits=4 combine_mode=one_bit_plus_ex_bits,,
4,cpu_search_fast_dynamic_thread_profile,hotpot,0.95,i1,0.957730,100,1000,61.258,35.938,17.500,7.799,53.438000,58.666,28.567,12.731,87.234320,7.636,0.013,20.341,7.942,7.908,0.016,0.042,14.642,0.155,2.651,0.014,7.773,0.010,,,,,profile_cpu_v3_fast_thread_scaling_k100_20260427T111846Z_profile1_t4,/mnt/nfs/work1/marco/juelinliu/gpu-mvr/slurm/logs/cpu_search_profile/cpu_search_fast_dynamic_thread_profile/hotpot/profile_k100_20260427T161248Z_job28680093_task1_i1.log,61.237,61.258,0.000,0.022,0.000,7.908,0.005,53.438,87.233,58.687,28.577,12.735,87.265,0.036,sorted_doc_merge_fast,dynamic_1,doc_4bit_ex_sidecar ex_bits=4 combine_mode=one_bit_plus_ex_bits,,
8,cpu_search_fast_dynamic_thread_profile,hotpot,0.95,i1,0.957730,100,1000,36.301,22.406,10.265,3.602,32.671000,61.724,28.279,9.921,90.000275,4.616,0.016,12.035,5.733,5.696,0.016,0.045,8.087,0.162,1.961,0.014,3.576,0.011,,,,,profile_cpu_v3_fast_thread_scaling_k100_20260427T111846Z_profile1_t8,/mnt/nfs/work1/marco/juelinliu/gpu-mvr/slurm/logs/cpu_search_profile/cpu_search_fast_dynamic_thread_profile/hotpot/profile_k100_20260427T161440Z_job28680098_task1_i1.log,36.273,36.301,0.000,0.028,0.000,5.696,0.006,32.672,90.003,61.771,28.300,9.929,90.071,0.076,sorted_doc_merge_fast,dynamic_1,doc_4bit_ex_sidecar ex_bits=4 combine_mode=one_bit_plus_ex_bits,,
16,cpu_search_fast_dynamic_thread_profile,hotpot,0.95,i1,0.957730,100,1000,23.548,14.438,6.707,2.379,21.145000,61.312,28.482,10.103,89.795312,2.588,0.017,6.612,5.215,5.170,0.018,0.047,4.127,0.166,2.355,0.013,2.355,0.011,,,,,profile_cpu_v3_fast_thread_scaling_k100_20260427T111846Z_profile1_t16,/mnt/nfs/work1/marco/juelinliu/gpu-mvr/slurm/logs/cpu_search_profile/cpu_search_fast_dynamic_thread_profile/hotpot/profile_k100_20260427T161530Z_job28680103_task1_i1.log,23.524,23.548,0.000,0.024,0.000,5.170,0.006,21.145,89.795,61.375,28.511,10.114,89.886,0.102,sorted_doc_merge_fast,dynamic_1,doc_4bit_ex_sidecar ex_bits=4 combine_mode=one_bit_plus_ex_bits,,
32,cpu_search_fast_dynamic_thread_profile,hotpot,0.95,i1,0.957730,100,1000,16.252,10.277,4.849,1.102,15.126000,63.235,29.835,6.780,93.071622,1.849,0.017,5.006,3.397,3.335,0.020,0.053,2.437,0.196,2.151,0.013,1.076,0.012,,,,,profile_cpu_v3_fast_thread_scaling_k100_20260427T111846Z_profile1_t32,/mnt/nfs/work1/marco/juelinliu/gpu-mvr/slurm/logs/cpu_search_profile/cpu_search_fast_dynamic_thread_profile/hotpot/profile_k100_20260427T161636Z_job28680108_task1_i1.log,16.228,16.252,0.000,0.024,0.000,3.335,0.006,15.126,93.070,63.330,29.880,6.790,93.210,0.150,sorted_doc_merge_fast,dynamic_1,doc_4bit_ex_sidecar ex_bits=4 combine_mode=one_bit_plus_ex_bits,,
36,cpu_search_fast_dynamic_thread_profile,hotpot,0.95,i1,0.957730,100,1000,16.109,10.465,4.372,1.238,14.837000,64.963,27.139,7.686,92.103793,1.757,0.021,5.221,3.458,3.394,0.020,0.055,2.232,0.197,1.877,0.013,1.212,0.013,,,,,profile_cpu_v3_fast_thread_scaling_k100_20260427T111846Z_profile1_t36,/mnt/nfs/work1/marco/juelinliu/gpu-mvr/slurm/logs/cpu_search_profile/cpu_search_fast_dynamic_thread_profile/hotpot/profile_k100_20260427T161825Z_job28680113_task1_i1.log,16.075,16.109,0.000,0.034,0.000,3.394,0.007,14.837,92.102,65.101,27.197,7.702,92.298,0.211,sorted_doc_merge_fast,dynamic_1,doc_4bit_ex_sidecar ex_bits=4 combine_mode=one_bit_plus_ex_bits,,
1,cpu_search_fast_dynamic_thread_profile,lotte,0.90,c1,0.916196,100,2931,67.331,23.168,32.200,11.945,55.368000,34.409,47.823,17.740,82.232553,5.971,0.008,11.881,5.305,5.287,0.006,0.040,29.436,0.036,2.686,0.004,11.934,0.007,,,,,profile_cpu_v3_fast_thread_scaling_k100_20260427T111846Z_profile1_t1,/mnt/nfs/work1/marco/juelinliu/gpu-mvr/slurm/logs/cpu_search_profile/cpu_search_fast_dynamic_thread_profile/lotte/profile_k100_20260427T160841Z_job28680082_task2_c1.log,67.313,67.331,0.000,0.019,0.000,5.287,0.003,55.368,82.232,34.419,47.836,17.745,82.255,0.028,sorted_doc_merge_fast,dynamic_1,doc_4bit_ex_sidecar ex_bits=4 combine_mode=one_bit_plus_ex_bits,,
2,cpu_search_fast_dynamic_thread_profile,lotte,0.90,c1,0.916196,100,2931,35.840,12.832,16.164,6.821,28.996000,35.802,45.099,19.032,80.904018,3.950,0.012,6.484,2.381,2.360,0.005,0.040,14.252,0.036,1.827,0.005,6.808,0.008,,,,,profile_cpu_v3_fast_thread_scaling_k100_20260427T111846Z_profile1_t2,/mnt/nfs/work1/marco/juelinliu/gpu-mvr/slurm/logs/cpu_search_profile/cpu_search_fast_dynamic_thread_profile/lotte/profile_k100_20260427T160842Z_job28680087_task2_c1.log,35.816,35.840,0.000,0.024,0.000,2.360,0.004,28.995,80.901,35.826,45.129,19.045,80.955,0.067,sorted_doc_merge_fast,dynamic_1,doc_4bit_ex_sidecar ex_bits=4 combine_mode=one_bit_plus_ex_bits,,
4,cpu_search_fast_dynamic_thread_profile,lotte,0.90,c1,0.916196,100,2931,19.071,7.296,8.335,3.419,15.631000,38.257,43.708,17.928,81.962141,2.383,0.011,3.230,1.667,1.647,0.005,0.037,6.851,0.036,1.401,0.005,3.405,0.008,,,,,profile_cpu_v3_fast_thread_scaling_k100_20260427T111846Z_profile1_t4,/mnt/nfs/work1/marco/juelinliu/gpu-mvr/slurm/logs/cpu_search_profile/cpu_search_fast_dynamic_thread_profile/lotte/profile_k100_20260427T161311Z_job28680094_task2_c1.log,19.050,19.071,0.000,0.020,0.000,1.647,0.004,15.631,81.965,38.298,43.755,17.947,82.053,0.107,sorted_doc_merge_fast,dynamic_1,doc_4bit_ex_sidecar ex_bits=4 combine_mode=one_bit_plus_ex_bits,,
8,cpu_search_fast_dynamic_thread_profile,lotte,0.90,c1,0.916196,100,2931,11.300,4.896,4.721,1.657,9.617000,43.329,41.782,14.663,85.106195,1.345,0.011,1.895,1.640,1.617,0.005,0.040,3.611,0.037,1.024,0.005,1.643,0.009,,,,,profile_cpu_v3_fast_thread_scaling_k100_20260427T111846Z_profile1_t8,/mnt/nfs/work1/marco/juelinliu/gpu-mvr/slurm/logs/cpu_search_profile/cpu_search_fast_dynamic_thread_profile/lotte/profile_k100_20260427T161501Z_job28680099_task2_c1.log,11.275,11.300,0.000,0.026,0.000,1.617,0.005,9.618,85.111,43.427,41.876,14.696,85.304,0.226,sorted_doc_merge_fast,dynamic_1,doc_4bit_ex_sidecar ex_bits=4 combine_mode=one_bit_plus_ex_bits,,
16,cpu_search_fast_dynamic_thread_profile,lotte,0.90,c1,0.916196,100,2931,6.770,3.042,2.807,0.899,5.849000,44.928,41.455,13.275,86.395864,0.745,0.011,1.186,1.093,1.063,0.005,0.039,1.913,0.037,0.809,0.004,0.886,0.008,,,,,profile_cpu_v3_fast_thread_scaling_k100_20260427T111846Z_profile1_t16,/mnt/nfs/work1/marco/juelinliu/gpu-mvr/slurm/logs/cpu_search_profile/cpu_search_fast_dynamic_thread_profile/lotte/profile_k100_20260427T161537Z_job28680104_task2_c1.log,6.747,6.770,0.000,0.023,0.000,1.063,0.006,5.848,86.383,45.082,41.597,13.320,86.680,0.341,sorted_doc_merge_fast,dynamic_1,doc_4bit_ex_sidecar ex_bits=4 combine_mode=one_bit_plus_ex_bits,,
32,cpu_search_fast_dynamic_thread_profile,lotte,0.90,c1,0.916196,100,2931,5.355,2.723,2.038,0.562,4.761000,50.849,38.049,10.500,88.907563,0.547,0.013,1.178,0.975,0.934,0.005,0.047,1.166,0.043,0.772,0.004,0.549,0.009,,,,,profile_cpu_v3_fast_thread_scaling_k100_20260427T111846Z_profile1_t32,/mnt/nfs/work1/marco/juelinliu/gpu-mvr/slurm/logs/cpu_search_profile/cpu_search_fast_dynamic_thread_profile/lotte/profile_k100_20260427T161659Z_job28680109_task2_c1.log,5.323,5.355,0.000,0.032,0.000,0.934,0.009,4.761,88.898,51.157,38.280,10.563,89.437,0.601,sorted_doc_merge_fast,dynamic_1,doc_4bit_ex_sidecar ex_bits=4 combine_mode=one_bit_plus_ex_bits,,
36,cpu_search_fast_dynamic_thread_profile,lotte,0.90,c1,0.916196,100,2931,5.418,2.707,2.089,0.595,4.796000,49.962,38.557,10.980,88.519749,0.531,0.013,1.162,0.994,0.958,0.005,0.050,1.091,0.046,0.892,0.004,0.580,0.010,,,,,profile_cpu_v3_fast_thread_scaling_k100_20260427T111846Z_profile1_t36,/mnt/nfs/work1/marco/juelinliu/gpu-mvr/slurm/logs/cpu_search_profile/cpu_search_fast_dynamic_thread_profile/lotte/profile_k100_20260427T161825Z_job28680114_task2_c1.log,5.391,5.418,0.000,0.027,0.000,0.958,0.007,4.796,88.519,50.213,38.751,11.035,88.965,0.499,sorted_doc_merge_fast,dynamic_1,doc_4bit_ex_sidecar ex_bits=4 combine_mode=one_bit_plus_ex_bits,,
1,cpu_search_fast_dynamic_thread_profile,lotte,0.95,d1,0.956093,100,2931,102.778,46.563,41.344,14.853,87.907000,45.304,40.226,14.451,85.530950,10.998,0.013,27.298,8.249,8.229,0.009,0.045,37.260,0.049,3.987,0.005,14.840,0.007,,,,,profile_cpu_v3_fast_thread_scaling_k100_20260427T111846Z_profile1_t1,/mnt/nfs/work1/marco/juelinliu/gpu-mvr/slurm/logs/cpu_search_profile/cpu_search_fast_dynamic_thread_profile/lotte/profile_k100_20260427T160841Z_job28680083_task3_d1.log,102.759,102.778,0.000,0.019,0.000,8.229,0.004,87.907,85.530,45.313,40.234,14.454,85.546,0.018,sorted_doc_merge_fast,dynamic_1,doc_4bit_ex_sidecar ex_bits=4 combine_mode=one_bit_plus_ex_bits,,
2,cpu_search_fast_dynamic_thread_profile,lotte,0.95,d1,0.956093,100,2931,55.263,26.011,20.368,8.859,46.379000,47.068,36.857,16.031,83.924145,7.197,0.012,14.876,3.921,3.900,0.007,0.042,17.821,0.045,2.451,0.006,8.844,0.008,,,,,profile_cpu_v3_fast_thread_scaling_k100_20260427T111846Z_profile1_t2,/mnt/nfs/work1/marco/juelinliu/gpu-mvr/slurm/logs/cpu_search_profile/cpu_search_fast_dynamic_thread_profile/lotte/profile_k100_20260427T161052Z_job28680090_task3_d1.log,55.238,55.263,0.000,0.025,0.000,3.900,0.004,46.379,83.925,47.089,36.873,16.038,83.962,0.045,sorted_doc_merge_fast,dynamic_1,doc_4bit_ex_sidecar ex_bits=4 combine_mode=one_bit_plus_ex_bits,,
4,cpu_search_fast_dynamic_thread_profile,lotte,0.95,d1,0.956093,100,2931,29.632,14.716,10.518,4.373,25.234000,49.662,35.494,14.757,85.157937,4.004,0.012,8.076,2.617,2.596,0.007,0.043,8.922,0.045,1.496,0.006,4.358,0.008,,,,,profile_cpu_v3_fast_thread_scaling_k100_20260427T111846Z_profile1_t4,/mnt/nfs/work1/marco/juelinliu/gpu-mvr/slurm/logs/cpu_search_profile/cpu_search_fast_dynamic_thread_profile/lotte/profile_k100_20260427T161331Z_job28680095_task3_d1.log,29.606,29.632,0.000,0.026,0.000,2.596,0.007,25.233,85.157,49.705,35.525,14.770,85.230,0.086,sorted_doc_merge_fast,dynamic_1,doc_4bit_ex_sidecar ex_bits=4 combine_mode=one_bit_plus_ex_bits,,
8,cpu_search_fast_dynamic_thread_profile,lotte,0.95,d1,0.956093,100,2931,16.982,8.771,5.968,2.219,14.739000,51.652,35.144,13.065,86.791897,2.262,0.013,4.484,2.005,1.981,0.007,0.040,4.800,0.046,1.072,0.005,2.205,0.009,,,,,profile_cpu_v3_fast_thread_scaling_k100_20260427T111846Z_profile1_t8,/mnt/nfs/work1/marco/juelinliu/gpu-mvr/slurm/logs/cpu_search_profile/cpu_search_fast_dynamic_thread_profile/lotte/profile_k100_20260427T161513Z_job28680100_task3_d1.log,16.958,16.982,0.000,0.024,0.000,1.981,0.007,14.739,86.796,51.724,35.193,13.083,86.917,0.139,sorted_doc_merge_fast,dynamic_1,doc_4bit_ex_sidecar ex_bits=4 combine_mode=one_bit_plus_ex_bits,,
16,cpu_search_fast_dynamic_thread_profile,lotte,0.95,d1,0.956093,100,2931,10.618,5.909,3.563,1.122,9.472000,55.650,33.553,10.564,89.207007,1.391,0.014,2.606,1.889,1.856,0.007,0.040,2.454,0.047,1.011,0.005,1.108,0.009,,,,,profile_cpu_v3_fast_thread_scaling_k100_20260427T111846Z_profile1_t16,/mnt/nfs/work1/marco/juelinliu/gpu-mvr/slurm/logs/cpu_search_profile/cpu_search_fast_dynamic_thread_profile/lotte/profile_k100_20260427T161553Z_job28680105_task3_d1.log,10.593,10.618,0.000,0.025,0.000,1.856,0.008,9.471,89.203,55.780,33.631,10.589,89.411,0.232,sorted_doc_merge_fast,dynamic_1,doc_4bit_ex_sidecar ex_bits=4 combine_mode=one_bit_plus_ex_bits,,
32,cpu_search_fast_dynamic_thread_profile,lotte,0.95,d1,0.956093,100,2931,9.093,5.462,2.749,0.853,8.211000,60.071,30.235,9.385,90.300231,0.886,0.015,2.480,2.071,2.026,0.007,0.047,1.438,0.054,1.197,0.005,0.838,0.010,,,,,profile_cpu_v3_fast_thread_scaling_k100_20260427T111846Z_profile1_t32,/mnt/nfs/work1/marco/juelinliu/gpu-mvr/slurm/logs/cpu_search_profile/cpu_search_fast_dynamic_thread_profile/lotte/profile_k100_20260427T161740Z_job28680110_task3_d1.log,9.064,9.092,0.000,0.028,0.000,2.026,0.009,8.211,90.306,60.257,30.328,9.414,90.586,0.308,sorted_doc_merge_fast,dynamic_1,doc_4bit_ex_sidecar ex_bits=4 combine_mode=one_bit_plus_ex_bits,,
36,cpu_search_fast_dynamic_thread_profile,lotte,0.95,d1,0.956093,100,2931,7.755,4.683,2.310,0.732,6.993000,60.383,29.789,9.443,90.174081,0.930,0.015,2.273,1.457,1.414,0.007,0.050,1.327,0.057,0.866,0.005,0.717,0.010,,,,,profile_cpu_v3_fast_thread_scaling_k100_20260427T111846Z_profile1_t36,/mnt/nfs/work1/marco/juelinliu/gpu-mvr/slurm/logs/cpu_search_profile/cpu_search_fast_dynamic_thread_profile/lotte/profile_k100_20260427T161836Z_job28680115_task3_d1.log,7.725,7.755,0.000,0.030,0.000,1.414,0.007,6.993,90.172,60.617,29.904,9.479,90.521,0.384,sorted_doc_merge_fast,dynamic_1,doc_4bit_ex_sidecar ex_bits=4 combine_mode=one_bit_plus_ex_bits,,
1,cpu_search_fast_dynamic_thread_profile,msmarco,0.90,b4,0.921818,100,6980,75.044,53.808,15.689,5.521,69.497000,71.702,20.906,7.357,92.608336,8.463,0.014,26.857,18.465,18.439,0.006,0.048,14.211,0.032,1.393,0.003,5.510,0.007,,,,,profile_cpu_v3_fast_thread_scaling_k100_20260427T111846Z_profile1_t1,/mnt/nfs/work1/marco/juelinliu/gpu-mvr/slurm/logs/cpu_search_profile/cpu_search_fast_dynamic_thread_profile/msmarco/profile_k100_20260427T160841Z_job28680084_task4_b4.log,75.018,75.044,0.000,0.026,0.000,18.439,0.008,69.497,92.609,71.727,20.913,7.360,92.640,0.034,sorted_doc_merge_fast,dynamic_1,doc_4bit_ex_sidecar ex_bits=4 combine_mode=one_bit_plus_ex_bits,,
2,cpu_search_fast_dynamic_thread_profile,msmarco,0.90,b4,0.921818,100,6980,37.142,24.706,8.991,3.419,33.697000,66.518,24.208,9.205,90.724786,4.248,0.011,14.004,6.438,6.417,0.004,0.042,8.088,0.027,0.826,0.003,3.407,0.008,,,,,profile_cpu_v3_fast_thread_scaling_k100_20260427T111846Z_profile1_t2,/mnt/nfs/work1/marco/juelinliu/gpu-mvr/slurm/logs/cpu_search_profile/cpu_search_fast_dynamic_thread_profile/msmarco/profile_k100_20260427T161151Z_job28680091_task4_b4.log,37.117,37.142,0.000,0.026,0.000,6.417,0.004,33.697,90.725,66.564,24.224,9.212,90.788,0.069,sorted_doc_merge_fast,dynamic_1,doc_4bit_ex_sidecar ex_bits=4 combine_mode=one_bit_plus_ex_bits,,
4,cpu_search_fast_dynamic_thread_profile,msmarco,0.90,b4,0.921818,100,6980,20.309,13.997,4.366,1.922,18.363000,68.920,21.499,9.462,90.418041,2.407,0.011,7.329,4.245,4.223,0.004,0.043,3.703,0.026,0.584,0.003,1.910,0.008,,,,,profile_cpu_v3_fast_thread_scaling_k100_20260427T111846Z_profile1_t4,/mnt/nfs/work1/marco/juelinliu/gpu-mvr/slurm/logs/cpu_search_profile/cpu_search_fast_dynamic_thread_profile/msmarco/profile_k100_20260427T161407Z_job28680096_task4_b4.log,20.285,20.309,0.000,0.024,0.000,4.223,0.005,18.363,90.419,69.002,21.525,9.473,90.527,0.120,sorted_doc_merge_fast,dynamic_1,doc_4bit_ex_sidecar ex_bits=4 combine_mode=one_bit_plus_ex_bits,,
8,cpu_search_fast_dynamic_thread_profile,msmarco,0.90,b4,0.921818,100,6980,11.968,8.062,2.791,1.089,10.853000,67.361,23.322,9.097,90.683489,1.364,0.011,4.338,2.343,2.320,0.004,0.041,2.290,0.028,0.424,0.003,1.077,0.008,,,,,profile_cpu_v3_fast_thread_scaling_k100_20260427T111846Z_profile1_t8,/mnt/nfs/work1/marco/juelinliu/gpu-mvr/slurm/logs/cpu_search_profile/cpu_search_fast_dynamic_thread_profile/msmarco/profile_k100_20260427T161520Z_job28680101_task4_b4.log,11.941,11.968,0.000,0.026,0.000,2.320,0.005,10.853,90.683,67.509,23.374,9.117,90.883,0.219,sorted_doc_merge_fast,dynamic_1,doc_4bit_ex_sidecar ex_bits=4 combine_mode=one_bit_plus_ex_bits,,
16,cpu_search_fast_dynamic_thread_profile,msmarco,0.90,b4,0.921818,100,6980,6.648,4.593,1.553,0.461,6.146000,69.085,23.356,6.939,92.448857,0.799,0.012,2.338,1.437,1.406,0.005,0.043,1.013,0.028,0.459,0.003,0.450,0.008,,,,,profile_cpu_v3_fast_thread_scaling_k100_20260427T111846Z_profile1_t16,/mnt/nfs/work1/marco/juelinliu/gpu-mvr/slurm/logs/cpu_search_profile/cpu_search_fast_dynamic_thread_profile/msmarco/profile_k100_20260427T161609Z_job28680106_task4_b4.log,6.606,6.648,0.000,0.041,0.000,1.406,0.006,6.145,92.441,69.516,23.502,6.982,93.018,0.620,sorted_doc_merge_fast,dynamic_1,doc_4bit_ex_sidecar ex_bits=4 combine_mode=one_bit_plus_ex_bits,,
32,cpu_search_fast_dynamic_thread_profile,msmarco,0.90,b4,0.921818,100,6980,5.851,4.155,1.251,0.411,5.406000,71.018,21.386,7.029,92.394462,0.603,0.013,2.471,1.061,1.021,0.005,0.048,0.783,0.034,0.375,0.003,0.398,0.009,,,,,profile_cpu_v3_fast_thread_scaling_k100_20260427T111846Z_profile1_t32,/mnt/nfs/work1/marco/juelinliu/gpu-mvr/slurm/logs/cpu_search_profile/cpu_search_fast_dynamic_thread_profile/msmarco/profile_k100_20260427T161741Z_job28680111_task4_b4.log,5.818,5.851,0.000,0.033,0.000,1.021,0.007,5.407,92.403,71.423,21.508,7.069,92.931,0.567,sorted_doc_merge_fast,dynamic_1,doc_4bit_ex_sidecar ex_bits=4 combine_mode=one_bit_plus_ex_bits,,
36,cpu_search_fast_dynamic_thread_profile,msmarco,0.90,b4,0.921818,100,6980,6.153,4.639,1.173,0.308,5.812000,75.394,19.058,5.013,94.457988,0.664,0.015,2.509,1.443,1.402,0.005,0.050,0.608,0.036,0.468,0.003,0.295,0.009,,,,,profile_cpu_v3_fast_thread_scaling_k100_20260427T111846Z_profile1_t36,/mnt/nfs/work1/marco/juelinliu/gpu-mvr/slurm/logs/cpu_search_profile/cpu_search_fast_dynamic_thread_profile/msmarco/profile_k100_20260427T161905Z_job28680116_task4_b4.log,6.120,6.153,0.000,0.033,0.000,1.402,0.007,5.811,94.453,75.800,19.161,5.039,94.961,0.534,sorted_doc_merge_fast,dynamic_1,doc_4bit_ex_sidecar ex_bits=4 combine_mode=one_bit_plus_ex_bits,,
1,cpu_search_fast_dynamic_thread_profile,msmarco,0.95,c3,0.952789,100,6980,111.656,79.025,24.835,7.777,103.860000,70.775,22.243,6.965,93.017841,12.791,0.015,44.746,21.465,21.437,0.008,0.052,22.682,0.044,2.053,0.005,7.764,0.007,,,,,profile_cpu_v3_fast_thread_scaling_k100_20260427T111846Z_profile1_t1,/mnt/nfs/work1/marco/juelinliu/gpu-mvr/slurm/logs/cpu_search_profile/cpu_search_fast_dynamic_thread_profile/msmarco/profile_k100_20260427T160841Z_job28680075_task5_c3.log,111.637,111.656,0.000,0.019,0.000,21.437,0.007,103.861,93.018,70.787,22.247,6.966,93.034,0.017,sorted_doc_merge_fast,dynamic_1,doc_4bit_ex_sidecar ex_bits=4 combine_mode=one_bit_plus_ex_bits,,
2,cpu_search_fast_dynamic_thread_profile,msmarco,0.95,c3,0.952789,100,6980,54.840,37.941,12.344,4.523,50.285000,69.185,22.509,8.247,91.694019,5.954,0.012,22.448,9.521,9.500,0.006,0.043,11.044,0.037,1.210,0.005,4.509,0.008,,,,,profile_cpu_v3_fast_thread_scaling_k100_20260427T111846Z_profile1_t2,/mnt/nfs/work1/marco/juelinliu/gpu-mvr/slurm/logs/cpu_search_profile/cpu_search_fast_dynamic_thread_profile/msmarco/profile_k100_20260427T161200Z_job28680076_task5_c3.log,54.807,54.840,0.000,0.032,0.000,9.500,0.006,50.285,91.694,69.226,22.522,8.252,91.748,0.059,sorted_doc_merge_fast,dynamic_1,doc_4bit_ex_sidecar ex_bits=4 combine_mode=one_bit_plus_ex_bits,,
4,cpu_search_fast_dynamic_thread_profile,msmarco,0.95,c3,0.952789,100,6980,28.842,20.346,5.896,2.534,26.242000,70.543,20.441,8.788,90.985369,3.392,0.013,11.913,5.020,4.996,0.006,0.046,5.048,0.037,0.753,0.005,2.521,0.008,,,,,profile_cpu_v3_fast_thread_scaling_k100_20260427T111846Z_profile1_t4,/mnt/nfs/work1/marco/juelinliu/gpu-mvr/slurm/logs/cpu_search_profile/cpu_search_fast_dynamic_thread_profile/msmarco/profile_k100_20260427T161426Z_job28680077_task5_c3.log,28.776,28.842,0.000,0.066,0.000,4.996,0.008,26.242,90.984,70.704,20.488,8.808,91.192,0.228,sorted_doc_merge_fast,dynamic_1,doc_4bit_ex_sidecar ex_bits=4 combine_mode=one_bit_plus_ex_bits,,
8,cpu_search_fast_dynamic_thread_profile,msmarco,0.95,c3,0.952789,100,6980,16.588,11.988,3.456,1.121,15.444000,72.268,20.836,6.759,93.103448,1.737,0.014,6.741,3.488,3.460,0.007,0.045,2.626,0.038,0.735,0.005,1.108,0.008,,,,,profile_cpu_v3_fast_thread_scaling_k100_20260427T111846Z_profile1_t8,/mnt/nfs/work1/marco/juelinliu/gpu-mvr/slurm/logs/cpu_search_profile/cpu_search_fast_dynamic_thread_profile/msmarco/profile_k100_20260427T161522Z_job28680078_task5_c3.log,16.565,16.588,0.000,0.023,0.000,3.460,0.007,15.444,93.103,72.367,20.864,6.769,93.231,0.137,sorted_doc_merge_fast,dynamic_1,doc_4bit_ex_sidecar ex_bits=4 combine_mode=one_bit_plus_ex_bits,,
16,cpu_search_fast_dynamic_thread_profile,msmarco,0.95,c3,0.952789,100,6980,10.867,7.791,2.201,0.851,9.992000,71.690,20.250,7.828,91.948100,1.139,0.013,4.198,2.433,2.400,0.006,0.043,1.631,0.038,0.479,0.004,0.838,0.008,,,,,profile_cpu_v3_fast_thread_scaling_k100_20260427T111846Z_profile1_t16,/mnt/nfs/work1/marco/juelinliu/gpu-mvr/slurm/logs/cpu_search_profile/cpu_search_fast_dynamic_thread_profile/msmarco/profile_k100_20260427T161630Z_job28680079_task5_c3.log,10.842,10.867,0.000,0.025,0.000,2.400,0.008,9.991,91.939,71.857,20.297,7.846,92.154,0.232,sorted_doc_merge_fast,dynamic_1,doc_4bit_ex_sidecar ex_bits=4 combine_mode=one_bit_plus_ex_bits,,
32,cpu_search_fast_dynamic_thread_profile,msmarco,0.95,c3,0.952789,100,6980,9.325,7.249,1.480,0.553,8.729000,77.731,15.873,5.934,93.608579,0.853,0.014,3.824,2.550,2.503,0.006,0.047,0.965,0.046,0.413,0.004,0.539,0.010,,,,,profile_cpu_v3_fast_thread_scaling_k100_20260427T111846Z_profile1_t32,/mnt/nfs/work1/marco/juelinliu/gpu-mvr/slurm/logs/cpu_search_profile/cpu_search_fast_dynamic_thread_profile/msmarco/profile_k100_20260427T161748Z_job28680088_task5_c3.log,9.282,9.325,0.000,0.043,0.000,2.503,0.007,8.729,93.604,78.092,15.946,5.961,94.039,0.461,sorted_doc_merge_fast,dynamic_1,doc_4bit_ex_sidecar ex_bits=4 combine_mode=one_bit_plus_ex_bits,,
36,cpu_search_fast_dynamic_thread_profile,msmarco,0.95,c3,0.952789,100,6980,9.340,7.131,1.671,0.503,8.802000,76.344,17.891,5.386,94.239829,0.864,0.016,3.698,2.545,2.499,0.007,0.049,0.974,0.048,0.589,0.004,0.488,0.010,,,,,profile_cpu_v3_fast_thread_scaling_k100_20260427T111846Z_profile1_t36,/mnt/nfs/work1/marco/juelinliu/gpu-mvr/slurm/logs/cpu_search_profile/cpu_search_fast_dynamic_thread_profile/msmarco/profile_k100_20260427T161915Z_job28680089_task5_c3.log,9.305,9.340,0.000,0.035,0.000,2.499,0.008,8.802,94.235,76.634,17.959,5.407,94.593,0.379,sorted_doc_merge_fast,dynamic_1,doc_4bit_ex_sidecar ex_bits=4 combine_mode=one_bit_plus_ex_bits,,
