implementation,dataset,batch_id,selection_label,target_recall,k,queries,avg_end_to_end_ms,avg_profiled_total_ms,avg_accounted_ms,avg_unaccounted_ms,avg_query_setup_ms,avg_stage1_ms,avg_stage1_probe_ms,avg_stage1_prepare_ms,avg_stage1_scan_ms,avg_stage1_reduce_ms,avg_stage1_reduce_merge_ms,avg_stage1_reduce_within_query_merge_ms,avg_stage1_reduce_cross_query_merge_ms,avg_stage1_reduce_sort_ms,avg_stage1_cleanup_ms,avg_stage2_ms,avg_stage2_lut_ms,avg_stage2_score_docs_ms,avg_stage2_select_topk_ms,avg_stage2_materialize_ms,avg_stage3_ms,avg_stage3_prepare_ms,avg_stage3_score_docs_ms,avg_stage3_select_topk_ms,avg_stage12_ms,stage1_pct_end_to_end,stage2_pct_end_to_end,stage3_pct_end_to_end,stage12_pct_end_to_end,stage1_pct_profiled_total,stage2_pct_profiled_total,stage3_pct_profiled_total,stage12_pct_profiled_total,query_setup_pct_end_to_end,stage1_doc_accum_mode,stage3_schedule,stage3_quantized_payload,stage3_ex_bits,stage3_combine_mode,log_file
cpu_search_fast_dynamic,hotpot,profile_cpu_v3_fast_vs_parallel_t32_profile_20260427T011927Z_cpu_search_fast_dynamic,b1,0.90,10,1000,3.103,3.072,3.103,0.000,0.031,2.161,0.538,0.011,1.004,0.600,0.566,0.000,0.566,0.003,0.008,0.699,0.044,0.405,0.027,0.216,0.212,0.001,0.208,0.003,2.860,69.628,22.524,6.847,92.153,70.332,22.752,6.916,93.084,0.999,sorted_doc_merge_fast,dynamic_1,doc_4bit_ex_sidecar ex_bits=4 combine_mode=one_bit_plus_ex_bits,,,/mnt/nfs/work1/marco/juelinliu/gpu-mvr/slurm/logs/cpu_search_profile/cpu_search_fast_dynamic/hotpot/profile_k10_20260427T011941Z_job28679906_task4_b1.log
cpu_search_fast_dynamic,hotpot,profile_cpu_v3_fast_vs_parallel_t32_profile_20260427T011927Z_cpu_search_fast_dynamic,c3,0.95,10,1000,6.388,6.365,6.388,0.000,0.023,4.289,0.920,0.014,1.979,1.369,1.325,0.000,1.325,0.006,0.006,1.585,0.048,0.793,0.058,0.676,0.491,0.005,0.483,0.002,5.874,67.136,24.818,7.689,91.954,67.377,24.906,7.717,92.283,0.357,sorted_doc_merge_fast,dynamic_1,doc_4bit_ex_sidecar ex_bits=4 combine_mode=one_bit_plus_ex_bits,,,/mnt/nfs/work1/marco/juelinliu/gpu-mvr/slurm/logs/cpu_search_profile/cpu_search_fast_dynamic/hotpot/profile_k10_20260427T011941Z_job28679907_task5_c3.log
cpu_search_fast_dynamic,lotte,profile_cpu_v3_fast_vs_parallel_t32_profile_20260427T011927Z_cpu_search_fast_dynamic,a4,0.90,10,2931,2.660,2.637,2.660,0.000,0.023,1.446,0.342,0.010,0.612,0.474,0.444,0.000,0.444,0.002,0.007,0.887,0.050,0.469,0.019,0.338,0.304,0.001,0.300,0.002,2.333,54.375,33.351,11.418,87.726,54.845,33.638,11.517,88.483,0.854,sorted_doc_merge_fast,dynamic_1,doc_4bit_ex_sidecar ex_bits=4 combine_mode=one_bit_plus_ex_bits,,,/mnt/nfs/work1/marco/juelinliu/gpu-mvr/slurm/logs/cpu_search_profile/cpu_search_fast_dynamic/lotte/profile_k10_20260427T011941Z_job28679902_task0_a4.log
cpu_search_fast_dynamic,lotte,profile_cpu_v3_fast_vs_parallel_t32_profile_20260427T011927Z_cpu_search_fast_dynamic,b1,0.95,10,2931,3.370,3.346,3.370,0.000,0.024,1.929,0.438,0.009,0.904,0.571,0.538,0.000,0.538,0.003,0.008,1.063,0.047,0.579,0.022,0.403,0.354,0.001,0.351,0.002,2.992,57.246,31.533,10.516,88.780,57.652,31.757,10.590,89.410,0.703,sorted_doc_merge_fast,dynamic_1,doc_4bit_ex_sidecar ex_bits=4 combine_mode=one_bit_plus_ex_bits,,,/mnt/nfs/work1/marco/juelinliu/gpu-mvr/slurm/logs/cpu_search_profile/cpu_search_fast_dynamic/lotte/profile_k10_20260427T011941Z_job28679903_task1_b1.log
cpu_search_fast_dynamic,msmarco,profile_cpu_v3_fast_vs_parallel_t32_profile_20260427T011927Z_cpu_search_fast_dynamic,a1,0.90,10,6980,2.413,2.385,2.413,0.000,0.028,1.585,0.357,0.010,0.645,0.565,0.533,0.000,0.533,0.002,0.008,0.610,0.041,0.359,0.019,0.183,0.190,0.001,0.187,0.002,2.195,65.674,25.290,7.884,90.964,66.439,25.585,7.976,92.024,1.151,sorted_doc_merge_fast,dynamic_1,doc_4bit_ex_sidecar ex_bits=4 combine_mode=one_bit_plus_ex_bits,,,/mnt/nfs/work1/marco/juelinliu/gpu-mvr/slurm/logs/cpu_search_profile/cpu_search_fast_dynamic/msmarco/profile_k10_20260427T011941Z_job28679910_task8_a1.log
cpu_search_fast_dynamic,msmarco,profile_cpu_v3_fast_vs_parallel_t32_profile_20260427T011927Z_cpu_search_fast_dynamic,a1,0.95,10,6980,2.698,2.663,2.698,0.000,0.035,1.785,0.383,0.010,0.690,0.693,0.660,0.000,0.660,0.002,0.008,0.670,0.044,0.413,0.019,0.185,0.208,0.001,0.204,0.002,2.456,66.173,24.841,7.696,91.014,67.038,25.166,7.796,92.204,1.289,sorted_doc_merge_fast,dynamic_1,doc_4bit_ex_sidecar ex_bits=4 combine_mode=one_bit_plus_ex_bits,,,/mnt/nfs/work1/marco/juelinliu/gpu-mvr/slurm/logs/cpu_search_profile/cpu_search_fast_dynamic/msmarco/profile_k10_20260427T012022Z_job28679932_task9_a1.log
cpu_search_fast_dynamic,hotpot,profile_cpu_v3_fast_vs_parallel_t32_profile_20260427T011927Z_cpu_search_fast_dynamic,f1,0.90,100,1000,10.561,10.539,10.561,0.000,0.022,7.378,1.372,0.015,2.640,3.343,3.295,0.000,3.295,0.009,0.008,2.567,0.046,1.716,0.094,0.702,0.593,0.006,0.575,0.011,9.945,69.864,24.306,5.618,94.170,70.012,24.358,5.630,94.370,0.212,sorted_doc_merge_fast,dynamic_1,doc_4bit_ex_sidecar ex_bits=4 combine_mode=one_bit_plus_ex_bits,,,/mnt/nfs/work1/marco/juelinliu/gpu-mvr/slurm/logs/cpu_search_profile/cpu_search_fast_dynamic/hotpot/profile_k100_20260427T011941Z_job28679908_task6_f1.log
cpu_search_fast_dynamic,hotpot,profile_cpu_v3_fast_vs_parallel_t32_profile_20260427T011927Z_cpu_search_fast_dynamic,i1,0.95,100,1000,42.736,42.661,42.736,0.000,0.075,27.450,3.214,0.035,14.071,10.116,9.978,0.000,9.978,0.053,0.012,10.736,0.108,6.279,0.497,3.830,4.476,0.028,4.413,0.033,38.186,64.230,25.122,10.472,89.353,64.343,25.166,10.491,89.509,0.175,sorted_doc_merge_fast,dynamic_1,doc_4bit_ex_sidecar ex_bits=4 combine_mode=one_bit_plus_ex_bits,,,/mnt/nfs/work1/marco/juelinliu/gpu-mvr/slurm/logs/cpu_search_profile/cpu_search_fast_dynamic/hotpot/profile_k100_20260427T011941Z_job28679909_task7_i1.log
cpu_search_fast_dynamic,lotte,profile_cpu_v3_fast_vs_parallel_t32_profile_20260427T011927Z_cpu_search_fast_dynamic,c1,0.90,100,2931,5.537,5.513,5.537,0.000,0.024,2.711,0.529,0.013,1.182,0.979,0.942,0.000,0.942,0.006,0.007,2.173,0.048,1.170,0.045,0.899,0.628,0.004,0.614,0.010,4.885,48.967,39.251,11.347,88.218,49.180,39.423,11.397,88.603,0.434,sorted_doc_merge_fast,dynamic_1,doc_4bit_ex_sidecar ex_bits=4 combine_mode=one_bit_plus_ex_bits,,,/mnt/nfs/work1/marco/juelinliu/gpu-mvr/slurm/logs/cpu_search_profile/cpu_search_fast_dynamic/lotte/profile_k100_20260427T011941Z_job28679904_task2_c1.log
cpu_search_fast_dynamic,lotte,profile_cpu_v3_fast_vs_parallel_t32_profile_20260427T011927Z_cpu_search_fast_dynamic,d1,0.95,100,2931,8.030,8.001,8.030,0.000,0.029,4.804,0.895,0.015,2.206,1.680,1.635,0.000,1.635,0.007,0.008,2.408,0.048,1.442,0.054,0.855,0.789,0.005,0.773,0.010,7.212,59.824,29.990,9.825,89.814,60.041,30.099,9.860,90.140,0.360,sorted_doc_merge_fast,dynamic_1,doc_4bit_ex_sidecar ex_bits=4 combine_mode=one_bit_plus_ex_bits,,,/mnt/nfs/work1/marco/juelinliu/gpu-mvr/slurm/logs/cpu_search_profile/cpu_search_fast_dynamic/lotte/profile_k100_20260427T011941Z_job28679905_task3_d1.log
cpu_search_fast_dynamic,msmarco,profile_cpu_v3_fast_vs_parallel_t32_profile_20260427T011927Z_cpu_search_fast_dynamic,b4,0.90,100,6980,6.026,5.993,6.026,0.000,0.033,4.371,0.656,0.013,2.407,1.287,1.247,0.000,1.247,0.005,0.007,1.254,0.048,0.687,0.035,0.473,0.367,0.003,0.354,0.009,5.625,72.541,20.814,6.092,93.355,72.944,20.930,6.126,93.874,0.553,sorted_doc_merge_fast,dynamic_1,doc_4bit_ex_sidecar ex_bits=4 combine_mode=one_bit_plus_ex_bits,,,/mnt/nfs/work1/marco/juelinliu/gpu-mvr/slurm/logs/cpu_search_profile/cpu_search_fast_dynamic/msmarco/profile_k100_20260427T012023Z_job28679933_task10_b4.log
cpu_search_fast_dynamic,msmarco,profile_cpu_v3_fast_vs_parallel_t32_profile_20260427T011927Z_cpu_search_fast_dynamic,c3,0.95,100,6980,9.030,8.994,9.030,0.000,0.036,6.620,0.838,0.015,3.743,2.017,1.969,0.000,1.969,0.006,0.008,1.798,0.048,1.064,0.047,0.628,0.576,0.004,0.562,0.010,8.418,73.309,19.909,6.383,93.218,73.603,19.989,6.409,93.591,0.398,sorted_doc_merge_fast,dynamic_1,doc_4bit_ex_sidecar ex_bits=4 combine_mode=one_bit_plus_ex_bits,,,/mnt/nfs/work1/marco/juelinliu/gpu-mvr/slurm/logs/cpu_search_profile/cpu_search_fast_dynamic/msmarco/profile_k100_20260427T012028Z_job28679891_task11_c3.log
cpu_search_parallel_dynamic_latest,hotpot,profile_cpu_v3_fast_vs_parallel_t32_profile_20260427T011927Z_cpu_search_parallel_dynamic_latest,b1,0.90,10,1000,4.731,4.705,4.731,0.000,0.026,3.855,0.500,0.011,0.927,2.408,1.921,0.000,1.921,0.465,0.007,0.591,0.047,0.372,0.027,0.135,0.259,0.001,0.255,0.003,4.445,81.487,12.484,5.485,93.971,81.933,12.552,5.515,94.485,0.544,sorted_doc_merge_parallel,dynamic_1,doc_4bit_ex_sidecar ex_bits=4 combine_mode=one_bit_plus_ex_bits,,,/mnt/nfs/work1/marco/juelinliu/gpu-mvr/slurm/logs/cpu_search_profile/cpu_search_parallel_dynamic_latest/hotpot/profile_k10_20260427T012145Z_job28679938_task4_b1.log
cpu_search_parallel_dynamic_latest,hotpot,profile_cpu_v3_fast_vs_parallel_t32_profile_20260427T011927Z_cpu_search_parallel_dynamic_latest,c3,0.95,10,1000,9.450,9.422,9.450,0.000,0.027,7.662,0.886,0.011,2.076,4.684,3.522,0.000,3.522,1.137,0.005,1.168,0.049,0.781,0.056,0.272,0.592,0.004,0.586,0.002,8.830,81.076,12.365,6.265,93.441,81.315,12.401,6.284,93.716,0.290,sorted_doc_merge_parallel,dynamic_1,doc_4bit_ex_sidecar ex_bits=4 combine_mode=one_bit_plus_ex_bits,,,/mnt/nfs/work1/marco/juelinliu/gpu-mvr/slurm/logs/cpu_search_profile/cpu_search_parallel_dynamic_latest/hotpot/profile_k10_20260427T012159Z_job28679939_task5_c3.log
cpu_search_parallel_dynamic_latest,lotte,profile_cpu_v3_fast_vs_parallel_t32_profile_20260427T011927Z_cpu_search_parallel_dynamic_latest,a2,0.90,10,2931,3.091,3.067,3.091,0.000,0.023,1.820,0.336,0.010,0.432,1.035,0.706,0.000,0.706,0.307,0.007,0.898,0.048,0.553,0.023,0.264,0.349,0.001,0.346,0.002,2.718,58.890,29.068,11.293,87.957,59.334,29.287,11.378,88.622,0.749,sorted_doc_merge_parallel,dynamic_1,doc_4bit_ex_sidecar ex_bits=4 combine_mode=one_bit_plus_ex_bits,,,/mnt/nfs/work1/marco/juelinliu/gpu-mvr/slurm/logs/cpu_search_profile/cpu_search_parallel_dynamic_latest/lotte/profile_k10_20260427T012041Z_job28679934_task0_a2.log
cpu_search_parallel_dynamic_latest,lotte,profile_cpu_v3_fast_vs_parallel_t32_profile_20260427T011927Z_cpu_search_parallel_dynamic_latest,b1,0.95,10,2931,4.146,4.122,4.146,0.000,0.024,2.902,0.431,0.009,0.906,1.549,1.151,0.000,1.151,0.377,0.007,0.855,0.047,0.547,0.022,0.230,0.364,0.001,0.360,0.002,3.758,70.002,20.626,8.782,90.628,70.418,20.748,8.834,91.166,0.589,sorted_doc_merge_parallel,dynamic_1,doc_4bit_ex_sidecar ex_bits=4 combine_mode=one_bit_plus_ex_bits,,,/mnt/nfs/work1/marco/juelinliu/gpu-mvr/slurm/logs/cpu_search_profile/cpu_search_parallel_dynamic_latest/lotte/profile_k10_20260427T012050Z_job28679935_task1_b1.log
cpu_search_parallel_dynamic_latest,msmarco,profile_cpu_v3_fast_vs_parallel_t32_profile_20260427T011927Z_cpu_search_parallel_dynamic_latest,a1,0.90,10,6980,2.964,2.932,2.964,0.000,0.032,2.206,0.347,0.008,0.644,1.199,0.905,0.000,0.905,0.273,0.007,0.549,0.049,0.349,0.019,0.123,0.177,0.001,0.174,0.002,2.755,74.428,18.537,5.965,92.965,75.233,18.738,6.029,93.971,1.068,sorted_doc_merge_parallel,dynamic_1,doc_4bit_ex_sidecar ex_bits=4 combine_mode=one_bit_plus_ex_bits,,,/mnt/nfs/work1/marco/juelinliu/gpu-mvr/slurm/logs/cpu_search_profile/cpu_search_parallel_dynamic_latest/msmarco/profile_k10_20260427T012222Z_job28679942_task8_a1.log
cpu_search_parallel_dynamic_latest,msmarco,profile_cpu_v3_fast_vs_parallel_t32_profile_20260427T011927Z_cpu_search_parallel_dynamic_latest,a1,0.95,10,6980,3.080,3.050,3.080,0.000,0.029,2.313,0.358,0.008,0.740,1.199,0.901,0.000,0.901,0.277,0.007,0.543,0.046,0.355,0.018,0.117,0.195,0.001,0.191,0.002,2.856,75.091,17.640,6.319,92.731,75.811,17.809,6.379,93.621,0.949,sorted_doc_merge_parallel,dynamic_1,doc_4bit_ex_sidecar ex_bits=4 combine_mode=one_bit_plus_ex_bits,,,/mnt/nfs/work1/marco/juelinliu/gpu-mvr/slurm/logs/cpu_search_profile/cpu_search_parallel_dynamic_latest/msmarco/profile_k10_20260427T012223Z_job28679943_task9_a1.log
cpu_search_parallel_dynamic_latest,hotpot,profile_cpu_v3_fast_vs_parallel_t32_profile_20260427T011927Z_cpu_search_parallel_dynamic_latest,f1,0.90,100,1000,13.210,13.183,13.210,0.000,0.027,10.370,1.355,0.014,2.717,6.276,4.474,0.000,4.474,1.775,0.007,2.185,0.047,1.629,0.094,0.406,0.628,0.006,0.611,0.010,12.555,78.500,16.537,4.752,95.037,78.666,16.572,4.762,95.238,0.208,sorted_doc_merge_parallel,dynamic_1,doc_4bit_ex_sidecar ex_bits=4 combine_mode=one_bit_plus_ex_bits,,,/mnt/nfs/work1/marco/juelinliu/gpu-mvr/slurm/logs/cpu_search_profile/cpu_search_parallel_dynamic_latest/hotpot/profile_k100_20260427T012211Z_job28679940_task6_f1.log
cpu_search_parallel_dynamic_latest,hotpot,profile_cpu_v3_fast_vs_parallel_t32_profile_20260427T011927Z_cpu_search_parallel_dynamic_latest,i1,0.95,100,1000,22.835,22.806,22.835,0.000,0.028,17.799,1.706,0.017,5.152,10.919,7.279,0.000,7.279,3.613,0.004,3.602,0.061,2.487,0.196,0.846,1.406,0.011,1.382,0.012,21.401,77.945,15.775,6.155,93.720,78.043,15.794,6.163,93.837,0.123,sorted_doc_merge_parallel,dynamic_1,doc_4bit_ex_sidecar ex_bits=4 combine_mode=one_bit_plus_ex_bits,,,/mnt/nfs/work1/marco/juelinliu/gpu-mvr/slurm/logs/cpu_search_profile/cpu_search_parallel_dynamic_latest/hotpot/profile_k100_20260427T012223Z_job28679941_task7_i1.log
cpu_search_parallel_dynamic_latest,lotte,profile_cpu_v3_fast_vs_parallel_t32_profile_20260427T011927Z_cpu_search_parallel_dynamic_latest,c1,0.90,100,2931,6.445,6.422,6.445,0.000,0.023,4.044,0.524,0.011,1.144,2.358,1.522,0.000,1.522,0.812,0.006,1.728,0.047,1.175,0.044,0.454,0.650,0.004,0.637,0.009,5.772,62.738,26.817,10.088,89.555,62.963,26.913,10.124,89.876,0.356,sorted_doc_merge_parallel,dynamic_1,doc_4bit_ex_sidecar ex_bits=4 combine_mode=one_bit_plus_ex_bits,,,/mnt/nfs/work1/marco/juelinliu/gpu-mvr/slurm/logs/cpu_search_profile/cpu_search_parallel_dynamic_latest/lotte/profile_k100_20260427T012133Z_job28679936_task2_c1.log
cpu_search_parallel_dynamic_latest,lotte,profile_cpu_v3_fast_vs_parallel_t32_profile_20260427T011927Z_cpu_search_parallel_dynamic_latest,d1,0.95,100,2931,10.388,10.358,10.388,0.000,0.030,7.455,0.885,0.014,2.586,3.961,2.744,0.000,2.744,1.192,0.008,2.114,0.051,1.428,0.055,0.568,0.789,0.005,0.774,0.009,9.569,71.760,20.349,7.597,92.109,71.972,20.409,7.620,92.380,0.292,sorted_doc_merge_parallel,dynamic_1,doc_4bit_ex_sidecar ex_bits=4 combine_mode=one_bit_plus_ex_bits,,,/mnt/nfs/work1/marco/juelinliu/gpu-mvr/slurm/logs/cpu_search_profile/cpu_search_parallel_dynamic_latest/lotte/profile_k100_20260427T012138Z_job28679937_task3_d1.log
cpu_search_parallel_dynamic_latest,msmarco,profile_cpu_v3_fast_vs_parallel_t32_profile_20260427T011927Z_cpu_search_parallel_dynamic_latest,b4,0.90,100,6980,7.940,7.905,7.940,0.000,0.035,6.656,0.578,0.012,2.429,3.630,2.867,0.000,2.867,0.738,0.007,0.942,0.050,0.672,0.034,0.177,0.307,0.003,0.296,0.009,7.598,83.828,11.863,3.872,95.690,84.196,11.915,3.889,96.111,0.436,sorted_doc_merge_parallel,dynamic_1,doc_4bit_ex_sidecar ex_bits=4 combine_mode=one_bit_plus_ex_bits,,,/mnt/nfs/work1/marco/juelinliu/gpu-mvr/slurm/logs/cpu_search_profile/cpu_search_parallel_dynamic_latest/msmarco/profile_k100_20260427T012240Z_job28679944_task10_b4.log
cpu_search_parallel_dynamic_latest,msmarco,profile_cpu_v3_fast_vs_parallel_t32_profile_20260427T011927Z_cpu_search_parallel_dynamic_latest,c3,0.95,100,6980,11.670,11.461,11.670,0.000,0.209,9.897,0.785,0.016,3.889,5.198,4.118,0.000,4.118,1.052,0.008,1.165,0.049,0.817,0.047,0.240,0.399,0.004,0.385,0.009,11.062,84.805,9.985,3.417,94.790,86.353,10.167,3.480,96.520,1.792,sorted_doc_merge_parallel,dynamic_1,doc_4bit_ex_sidecar ex_bits=4 combine_mode=one_bit_plus_ex_bits,,,/mnt/nfs/work1/marco/juelinliu/gpu-mvr/slurm/logs/cpu_search_profile/cpu_search_parallel_dynamic_latest/msmarco/profile_k100_20260427T012257Z_job28679892_task11_c3.log
