experiment,system,dataset,target_recall,base_label,slots,k,run_index,recall_at_10,recall_at_100,recall,qps,avg_latency_ms,p50_ms,p90_ms,p95_ms,p99_ms,max_ms,stddev_ms,gpu_mem_peak_mib,effective_concurrent_queries,stage3_threads,nprobe,k_rank_cluster,k_rank_all_tokens,itopk_size,overlap_chunks,binary,log,returncode,command,error_tail,end_to_end_ms,gpu_mem_current_mib,label,min_ms,nq,warmup
chimera_slot_targets,chimera,lotte,0.90,c1,1,100,1,0.957489,0.909311,0.909311,497.827,2.008,1.916,2.149,2.255,2.791,18.381,0.885,,1,32,64,2400,240,128,5,gpu_search,/scratch3/workspace/juelinliu_umass_edu-gpu-mvr/gpu-mvr/profiling/chimera_slot_targets/logs/20260429T180041Z/lotte/chimera/targets090_095_slots1_runs3.log,0,/scratch3/workspace/juelinliu_umass_edu-gpu-mvr/gpu-mvr/gpu-mvr/build/gpu_search --query /scratch3/workspace/juelinliu_umass_edu-gpu-mvr/gpu-mvr/dataset/lotte/raw/query.bin --gt /scratch3/workspace/juelinliu_umass_edu-gpu-mvr/gpu-mvr/dataset/lotte/raw/gt.tsv --index /scratch3/workspace/juelinliu_umass_edu-gpu-mvr/gpu-mvr/dataset/lotte/gpu_mvr_2m --k 100 --nq -1 --warmup 5 --concurrent-queries 1 --config-file /scratch3/workspace/juelinliu_umass_edu-gpu-mvr/gpu-mvr/config/tmp/chimera_slot_targets/20260429T180041Z/lotte/chimera/targets090_095_slots1_runs3.csv,,5887.583,,r090_c1_run1,1.518,-1,5
chimera_slot_targets,chimera,lotte,0.90,c1,1,100,2,0.957489,0.909266,0.909266,491.489,2.034,1.946,2.120,2.220,5.296,17.056,0.859,,1,32,64,2400,240,128,5,gpu_search,/scratch3/workspace/juelinliu_umass_edu-gpu-mvr/gpu-mvr/profiling/chimera_slot_targets/logs/20260429T180041Z/lotte/chimera/targets090_095_slots1_runs3.log,0,/scratch3/workspace/juelinliu_umass_edu-gpu-mvr/gpu-mvr/gpu-mvr/build/gpu_search --query /scratch3/workspace/juelinliu_umass_edu-gpu-mvr/gpu-mvr/dataset/lotte/raw/query.bin --gt /scratch3/workspace/juelinliu_umass_edu-gpu-mvr/gpu-mvr/dataset/lotte/raw/gt.tsv --index /scratch3/workspace/juelinliu_umass_edu-gpu-mvr/gpu-mvr/dataset/lotte/gpu_mvr_2m --k 100 --nq -1 --warmup 5 --concurrent-queries 1 --config-file /scratch3/workspace/juelinliu_umass_edu-gpu-mvr/gpu-mvr/config/tmp/chimera_slot_targets/20260429T180041Z/lotte/chimera/targets090_095_slots1_runs3.csv,,5963.507,,r090_c1_run2,1.537,-1,5
chimera_slot_targets,chimera,lotte,0.90,c1,1,100,3,0.957489,0.90929,0.90929,516.328,1.937,1.878,2.026,2.087,2.492,14.568,0.719,,1,32,64,2400,240,128,5,gpu_search,/scratch3/workspace/juelinliu_umass_edu-gpu-mvr/gpu-mvr/profiling/chimera_slot_targets/logs/20260429T180041Z/lotte/chimera/targets090_095_slots1_runs3.log,0,/scratch3/workspace/juelinliu_umass_edu-gpu-mvr/gpu-mvr/gpu-mvr/build/gpu_search --query /scratch3/workspace/juelinliu_umass_edu-gpu-mvr/gpu-mvr/dataset/lotte/raw/query.bin --gt /scratch3/workspace/juelinliu_umass_edu-gpu-mvr/gpu-mvr/dataset/lotte/raw/gt.tsv --index /scratch3/workspace/juelinliu_umass_edu-gpu-mvr/gpu-mvr/dataset/lotte/gpu_mvr_2m --k 100 --nq -1 --warmup 5 --concurrent-queries 1 --config-file /scratch3/workspace/juelinliu_umass_edu-gpu-mvr/gpu-mvr/config/tmp/chimera_slot_targets/20260429T180041Z/lotte/chimera/targets090_095_slots1_runs3.csv,,5676.625,,r090_c1_run3,1.470,-1,5
chimera_slot_targets,chimera,lotte,0.95,f1,1,100,1,0.962845,0.950693,0.950693,402.044,2.487,2.458,2.625,2.673,4.695,8.111,0.441,,1,32,128,4000,400,192,5,gpu_search,/scratch3/workspace/juelinliu_umass_edu-gpu-mvr/gpu-mvr/profiling/chimera_slot_targets/logs/20260429T180041Z/lotte/chimera/targets090_095_slots1_runs3.log,0,/scratch3/workspace/juelinliu_umass_edu-gpu-mvr/gpu-mvr/gpu-mvr/build/gpu_search --query /scratch3/workspace/juelinliu_umass_edu-gpu-mvr/gpu-mvr/dataset/lotte/raw/query.bin --gt /scratch3/workspace/juelinliu_umass_edu-gpu-mvr/gpu-mvr/dataset/lotte/raw/gt.tsv --index /scratch3/workspace/juelinliu_umass_edu-gpu-mvr/gpu-mvr/dataset/lotte/gpu_mvr_2m --k 100 --nq -1 --warmup 5 --concurrent-queries 1 --config-file /scratch3/workspace/juelinliu_umass_edu-gpu-mvr/gpu-mvr/config/tmp/chimera_slot_targets/20260429T180041Z/lotte/chimera/targets090_095_slots1_runs3.csv,,7290.244,,r095_f1_run1,1.927,-1,5
chimera_slot_targets,chimera,lotte,0.95,f1,1,100,2,0.962811,0.95073,0.95073,426.352,2.345,2.307,2.484,2.532,2.707,9.176,0.396,,1,32,128,4000,400,192,5,gpu_search,/scratch3/workspace/juelinliu_umass_edu-gpu-mvr/gpu-mvr/profiling/chimera_slot_targets/logs/20260429T180041Z/lotte/chimera/targets090_095_slots1_runs3.log,0,/scratch3/workspace/juelinliu_umass_edu-gpu-mvr/gpu-mvr/gpu-mvr/build/gpu_search --query /scratch3/workspace/juelinliu_umass_edu-gpu-mvr/gpu-mvr/dataset/lotte/raw/query.bin --gt /scratch3/workspace/juelinliu_umass_edu-gpu-mvr/gpu-mvr/dataset/lotte/raw/gt.tsv --index /scratch3/workspace/juelinliu_umass_edu-gpu-mvr/gpu-mvr/dataset/lotte/gpu_mvr_2m --k 100 --nq -1 --warmup 5 --concurrent-queries 1 --config-file /scratch3/workspace/juelinliu_umass_edu-gpu-mvr/gpu-mvr/config/tmp/chimera_slot_targets/20260429T180041Z/lotte/chimera/targets090_095_slots1_runs3.csv,,6874.599,,r095_f1_run2,1.862,-1,5
chimera_slot_targets,chimera,lotte,0.95,f1,1,100,3,0.962845,0.950696,0.950696,429.721,2.327,2.284,2.465,2.539,2.657,15.176,0.551,9139.38,1,32,128,4000,400,192,5,gpu_search,/scratch3/workspace/juelinliu_umass_edu-gpu-mvr/gpu-mvr/profiling/chimera_slot_targets/logs/20260429T180041Z/lotte/chimera/targets090_095_slots1_runs3.log,0,/scratch3/workspace/juelinliu_umass_edu-gpu-mvr/gpu-mvr/gpu-mvr/build/gpu_search --query /scratch3/workspace/juelinliu_umass_edu-gpu-mvr/gpu-mvr/dataset/lotte/raw/query.bin --gt /scratch3/workspace/juelinliu_umass_edu-gpu-mvr/gpu-mvr/dataset/lotte/raw/gt.tsv --index /scratch3/workspace/juelinliu_umass_edu-gpu-mvr/gpu-mvr/dataset/lotte/gpu_mvr_2m --k 100 --nq -1 --warmup 5 --concurrent-queries 1 --config-file /scratch3/workspace/juelinliu_umass_edu-gpu-mvr/gpu-mvr/config/tmp/chimera_slot_targets/20260429T180041Z/lotte/chimera/targets090_095_slots1_runs3.csv,,6820.702,9139.38,r095_f1_run3,1.908,-1,5
chimera_slot_targets,chimera,lotte,0.90,c1,2,100,1,0.957455,0.909256,0.909256,761.674,2.624,2.516,2.771,2.867,7.848,13.246,0.888,,2,16,64,2400,240,128,5,gpu_search,/scratch3/workspace/juelinliu_umass_edu-gpu-mvr/gpu-mvr/profiling/chimera_slot_targets/logs/20260429T180041Z/lotte/chimera/targets090_095_slots2_runs3.log,0,/scratch3/workspace/juelinliu_umass_edu-gpu-mvr/gpu-mvr/gpu-mvr/build/gpu_search --query /scratch3/workspace/juelinliu_umass_edu-gpu-mvr/gpu-mvr/dataset/lotte/raw/query.bin --gt /scratch3/workspace/juelinliu_umass_edu-gpu-mvr/gpu-mvr/dataset/lotte/raw/gt.tsv --index /scratch3/workspace/juelinliu_umass_edu-gpu-mvr/gpu-mvr/dataset/lotte/gpu_mvr_2m --k 100 --nq -1 --warmup 5 --concurrent-queries 2 --config-file /scratch3/workspace/juelinliu_umass_edu-gpu-mvr/gpu-mvr/config/tmp/chimera_slot_targets/20260429T180041Z/lotte/chimera/targets090_095_slots2_runs3.csv,,3848.103,,r090_c1_run1,1.867,-1,5
chimera_slot_targets,chimera,lotte,0.90,c1,2,100,2,0.957455,0.909263,0.909263,781.492,2.559,2.491,2.751,2.835,4.939,12.837,0.629,,2,16,64,2400,240,128,5,gpu_search,/scratch3/workspace/juelinliu_umass_edu-gpu-mvr/gpu-mvr/profiling/chimera_slot_targets/logs/20260429T180041Z/lotte/chimera/targets090_095_slots2_runs3.log,0,/scratch3/workspace/juelinliu_umass_edu-gpu-mvr/gpu-mvr/gpu-mvr/build/gpu_search --query /scratch3/workspace/juelinliu_umass_edu-gpu-mvr/gpu-mvr/dataset/lotte/raw/query.bin --gt /scratch3/workspace/juelinliu_umass_edu-gpu-mvr/gpu-mvr/dataset/lotte/raw/gt.tsv --index /scratch3/workspace/juelinliu_umass_edu-gpu-mvr/gpu-mvr/dataset/lotte/gpu_mvr_2m --k 100 --nq -1 --warmup 5 --concurrent-queries 2 --config-file /scratch3/workspace/juelinliu_umass_edu-gpu-mvr/gpu-mvr/config/tmp/chimera_slot_targets/20260429T180041Z/lotte/chimera/targets090_095_slots2_runs3.csv,,3750.520,,r090_c1_run2,1.758,-1,5
chimera_slot_targets,chimera,lotte,0.90,c1,2,100,3,0.957455,0.909253,0.909253,797.108,2.508,2.445,2.641,2.723,3.151,19.223,0.763,,2,16,64,2400,240,128,5,gpu_search,/scratch3/workspace/juelinliu_umass_edu-gpu-mvr/gpu-mvr/profiling/chimera_slot_targets/logs/20260429T180041Z/lotte/chimera/targets090_095_slots2_runs3.log,0,/scratch3/workspace/juelinliu_umass_edu-gpu-mvr/gpu-mvr/gpu-mvr/build/gpu_search --query /scratch3/workspace/juelinliu_umass_edu-gpu-mvr/gpu-mvr/dataset/lotte/raw/query.bin --gt /scratch3/workspace/juelinliu_umass_edu-gpu-mvr/gpu-mvr/dataset/lotte/raw/gt.tsv --index /scratch3/workspace/juelinliu_umass_edu-gpu-mvr/gpu-mvr/dataset/lotte/gpu_mvr_2m --k 100 --nq -1 --warmup 5 --concurrent-queries 2 --config-file /scratch3/workspace/juelinliu_umass_edu-gpu-mvr/gpu-mvr/config/tmp/chimera_slot_targets/20260429T180041Z/lotte/chimera/targets090_095_slots2_runs3.csv,,3677.043,,r090_c1_run3,1.835,-1,5
chimera_slot_targets,chimera,lotte,0.95,f1,2,100,1,0.962811,0.950699,0.950699,550.412,3.622,3.564,3.871,4.000,6.372,30.091,0.706,,2,16,128,4000,400,192,5,gpu_search,/scratch3/workspace/juelinliu_umass_edu-gpu-mvr/gpu-mvr/profiling/chimera_slot_targets/logs/20260429T180041Z/lotte/chimera/targets090_095_slots2_runs3.log,0,/scratch3/workspace/juelinliu_umass_edu-gpu-mvr/gpu-mvr/gpu-mvr/build/gpu_search --query /scratch3/workspace/juelinliu_umass_edu-gpu-mvr/gpu-mvr/dataset/lotte/raw/query.bin --gt /scratch3/workspace/juelinliu_umass_edu-gpu-mvr/gpu-mvr/dataset/lotte/raw/gt.tsv --index /scratch3/workspace/juelinliu_umass_edu-gpu-mvr/gpu-mvr/dataset/lotte/gpu_mvr_2m --k 100 --nq -1 --warmup 5 --concurrent-queries 2 --config-file /scratch3/workspace/juelinliu_umass_edu-gpu-mvr/gpu-mvr/config/tmp/chimera_slot_targets/20260429T180041Z/lotte/chimera/targets090_095_slots2_runs3.csv,,5325.099,,r095_f1_run1,2.569,-1,5
chimera_slot_targets,chimera,lotte,0.95,f1,2,100,2,0.96288,0.95073,0.95073,553.253,3.614,3.561,3.853,3.961,6.656,14.457,0.683,,2,16,128,4000,400,192,5,gpu_search,/scratch3/workspace/juelinliu_umass_edu-gpu-mvr/gpu-mvr/profiling/chimera_slot_targets/logs/20260429T180041Z/lotte/chimera/targets090_095_slots2_runs3.log,0,/scratch3/workspace/juelinliu_umass_edu-gpu-mvr/gpu-mvr/gpu-mvr/build/gpu_search --query /scratch3/workspace/juelinliu_umass_edu-gpu-mvr/gpu-mvr/dataset/lotte/raw/query.bin --gt /scratch3/workspace/juelinliu_umass_edu-gpu-mvr/gpu-mvr/dataset/lotte/raw/gt.tsv --index /scratch3/workspace/juelinliu_umass_edu-gpu-mvr/gpu-mvr/dataset/lotte/gpu_mvr_2m --k 100 --nq -1 --warmup 5 --concurrent-queries 2 --config-file /scratch3/workspace/juelinliu_umass_edu-gpu-mvr/gpu-mvr/config/tmp/chimera_slot_targets/20260429T180041Z/lotte/chimera/targets090_095_slots2_runs3.csv,,5297.761,,r095_f1_run2,2.478,-1,5
chimera_slot_targets,chimera,lotte,0.95,f1,2,100,3,0.962811,0.95072,0.95072,566.826,3.527,3.485,3.736,3.839,4.162,13.789,0.549,9327.38,2,16,128,4000,400,192,5,gpu_search,/scratch3/workspace/juelinliu_umass_edu-gpu-mvr/gpu-mvr/profiling/chimera_slot_targets/logs/20260429T180041Z/lotte/chimera/targets090_095_slots2_runs3.log,0,/scratch3/workspace/juelinliu_umass_edu-gpu-mvr/gpu-mvr/gpu-mvr/build/gpu_search --query /scratch3/workspace/juelinliu_umass_edu-gpu-mvr/gpu-mvr/dataset/lotte/raw/query.bin --gt /scratch3/workspace/juelinliu_umass_edu-gpu-mvr/gpu-mvr/dataset/lotte/raw/gt.tsv --index /scratch3/workspace/juelinliu_umass_edu-gpu-mvr/gpu-mvr/dataset/lotte/gpu_mvr_2m --k 100 --nq -1 --warmup 5 --concurrent-queries 2 --config-file /scratch3/workspace/juelinliu_umass_edu-gpu-mvr/gpu-mvr/config/tmp/chimera_slot_targets/20260429T180041Z/lotte/chimera/targets090_095_slots2_runs3.csv,,5170.895,9327.38,r095_f1_run3,2.449,-1,5
chimera_slot_targets,chimera,lotte,0.90,c1,4,100,1,0.957421,0.909226,0.909226,953.191,4.193,4.066,4.529,4.806,9.721,19.870,1.129,,4,8,64,2400,240,128,5,gpu_search,/scratch3/workspace/juelinliu_umass_edu-gpu-mvr/gpu-mvr/profiling/chimera_slot_targets/logs/20260429T180041Z/lotte/chimera/targets090_095_slots4_runs3.log,0,/scratch3/workspace/juelinliu_umass_edu-gpu-mvr/gpu-mvr/gpu-mvr/build/gpu_search --query /scratch3/workspace/juelinliu_umass_edu-gpu-mvr/gpu-mvr/dataset/lotte/raw/query.bin --gt /scratch3/workspace/juelinliu_umass_edu-gpu-mvr/gpu-mvr/dataset/lotte/raw/gt.tsv --index /scratch3/workspace/juelinliu_umass_edu-gpu-mvr/gpu-mvr/dataset/lotte/gpu_mvr_2m --k 100 --nq -1 --warmup 5 --concurrent-queries 4 --config-file /scratch3/workspace/juelinliu_umass_edu-gpu-mvr/gpu-mvr/config/tmp/chimera_slot_targets/20260429T180041Z/lotte/chimera/targets090_095_slots4_runs3.csv,,3074.935,,r090_c1_run1,2.350,-1,5
chimera_slot_targets,chimera,lotte,0.90,c1,4,100,2,0.957387,0.909246,0.909246,985.009,4.057,3.979,4.399,4.600,5.658,15.085,0.795,,4,8,64,2400,240,128,5,gpu_search,/scratch3/workspace/juelinliu_umass_edu-gpu-mvr/gpu-mvr/profiling/chimera_slot_targets/logs/20260429T180041Z/lotte/chimera/targets090_095_slots4_runs3.log,0,/scratch3/workspace/juelinliu_umass_edu-gpu-mvr/gpu-mvr/gpu-mvr/build/gpu_search --query /scratch3/workspace/juelinliu_umass_edu-gpu-mvr/gpu-mvr/dataset/lotte/raw/query.bin --gt /scratch3/workspace/juelinliu_umass_edu-gpu-mvr/gpu-mvr/dataset/lotte/raw/gt.tsv --index /scratch3/workspace/juelinliu_umass_edu-gpu-mvr/gpu-mvr/dataset/lotte/gpu_mvr_2m --k 100 --nq -1 --warmup 5 --concurrent-queries 4 --config-file /scratch3/workspace/juelinliu_umass_edu-gpu-mvr/gpu-mvr/config/tmp/chimera_slot_targets/20260429T180041Z/lotte/chimera/targets090_095_slots4_runs3.csv,,2975.608,,r090_c1_run2,2.588,-1,5
chimera_slot_targets,chimera,lotte,0.90,c1,4,100,3,0.957387,0.909311,0.909311,982.092,4.069,4.016,4.412,4.583,6.613,16.521,0.693,,4,8,64,2400,240,128,5,gpu_search,/scratch3/workspace/juelinliu_umass_edu-gpu-mvr/gpu-mvr/profiling/chimera_slot_targets/logs/20260429T180041Z/lotte/chimera/targets090_095_slots4_runs3.log,0,/scratch3/workspace/juelinliu_umass_edu-gpu-mvr/gpu-mvr/gpu-mvr/build/gpu_search --query /scratch3/workspace/juelinliu_umass_edu-gpu-mvr/gpu-mvr/dataset/lotte/raw/query.bin --gt /scratch3/workspace/juelinliu_umass_edu-gpu-mvr/gpu-mvr/dataset/lotte/raw/gt.tsv --index /scratch3/workspace/juelinliu_umass_edu-gpu-mvr/gpu-mvr/dataset/lotte/gpu_mvr_2m --k 100 --nq -1 --warmup 5 --concurrent-queries 4 --config-file /scratch3/workspace/juelinliu_umass_edu-gpu-mvr/gpu-mvr/config/tmp/chimera_slot_targets/20260429T180041Z/lotte/chimera/targets090_095_slots4_runs3.csv,,2984.445,,r090_c1_run3,2.467,-1,5
chimera_slot_targets,chimera,lotte,0.95,f1,4,100,1,0.962845,0.95072,0.95072,657.623,6.078,6.028,6.751,7.026,8.494,18.965,0.807,,4,8,128,4000,400,192,5,gpu_search,/scratch3/workspace/juelinliu_umass_edu-gpu-mvr/gpu-mvr/profiling/chimera_slot_targets/logs/20260429T180041Z/lotte/chimera/targets090_095_slots4_runs3.log,0,/scratch3/workspace/juelinliu_umass_edu-gpu-mvr/gpu-mvr/gpu-mvr/build/gpu_search --query /scratch3/workspace/juelinliu_umass_edu-gpu-mvr/gpu-mvr/dataset/lotte/raw/query.bin --gt /scratch3/workspace/juelinliu_umass_edu-gpu-mvr/gpu-mvr/dataset/lotte/raw/gt.tsv --index /scratch3/workspace/juelinliu_umass_edu-gpu-mvr/gpu-mvr/dataset/lotte/gpu_mvr_2m --k 100 --nq -1 --warmup 5 --concurrent-queries 4 --config-file /scratch3/workspace/juelinliu_umass_edu-gpu-mvr/gpu-mvr/config/tmp/chimera_slot_targets/20260429T180041Z/lotte/chimera/targets090_095_slots4_runs3.csv,,4456.961,,r095_f1_run1,3.908,-1,5
chimera_slot_targets,chimera,lotte,0.95,f1,4,100,2,0.962845,0.950727,0.950727,663.472,6.026,5.989,6.744,6.980,8.129,14.098,0.713,,4,8,128,4000,400,192,5,gpu_search,/scratch3/workspace/juelinliu_umass_edu-gpu-mvr/gpu-mvr/profiling/chimera_slot_targets/logs/20260429T180041Z/lotte/chimera/targets090_095_slots4_runs3.log,0,/scratch3/workspace/juelinliu_umass_edu-gpu-mvr/gpu-mvr/gpu-mvr/build/gpu_search --query /scratch3/workspace/juelinliu_umass_edu-gpu-mvr/gpu-mvr/dataset/lotte/raw/query.bin --gt /scratch3/workspace/juelinliu_umass_edu-gpu-mvr/gpu-mvr/dataset/lotte/raw/gt.tsv --index /scratch3/workspace/juelinliu_umass_edu-gpu-mvr/gpu-mvr/dataset/lotte/gpu_mvr_2m --k 100 --nq -1 --warmup 5 --concurrent-queries 4 --config-file /scratch3/workspace/juelinliu_umass_edu-gpu-mvr/gpu-mvr/config/tmp/chimera_slot_targets/20260429T180041Z/lotte/chimera/targets090_095_slots4_runs3.csv,,4417.669,,r095_f1_run2,4.091,-1,5
chimera_slot_targets,chimera,lotte,0.95,f1,4,100,3,0.962845,0.950682,0.950682,663.327,6.027,5.998,6.704,6.990,7.958,12.190,0.651,9705.38,4,8,128,4000,400,192,5,gpu_search,/scratch3/workspace/juelinliu_umass_edu-gpu-mvr/gpu-mvr/profiling/chimera_slot_targets/logs/20260429T180041Z/lotte/chimera/targets090_095_slots4_runs3.log,0,/scratch3/workspace/juelinliu_umass_edu-gpu-mvr/gpu-mvr/gpu-mvr/build/gpu_search --query /scratch3/workspace/juelinliu_umass_edu-gpu-mvr/gpu-mvr/dataset/lotte/raw/query.bin --gt /scratch3/workspace/juelinliu_umass_edu-gpu-mvr/gpu-mvr/dataset/lotte/raw/gt.tsv --index /scratch3/workspace/juelinliu_umass_edu-gpu-mvr/gpu-mvr/dataset/lotte/gpu_mvr_2m --k 100 --nq -1 --warmup 5 --concurrent-queries 4 --config-file /scratch3/workspace/juelinliu_umass_edu-gpu-mvr/gpu-mvr/config/tmp/chimera_slot_targets/20260429T180041Z/lotte/chimera/targets090_095_slots4_runs3.csv,,4418.637,9705.38,r095_f1_run3,3.793,-1,5
chimera_slot_targets,chimera,lotte,0.90,c1,8,100,1,0.957421,0.909304,0.909304,1060.344,7.537,7.242,10.032,11.193,13.613,18.076,1.923,,8,4,64,2400,240,128,5,gpu_search,/scratch3/workspace/juelinliu_umass_edu-gpu-mvr/gpu-mvr/profiling/chimera_slot_targets/logs/20260429T180041Z/lotte/chimera/targets090_095_slots8_runs3.log,0,/scratch3/workspace/juelinliu_umass_edu-gpu-mvr/gpu-mvr/gpu-mvr/build/gpu_search --query /scratch3/workspace/juelinliu_umass_edu-gpu-mvr/gpu-mvr/dataset/lotte/raw/query.bin --gt /scratch3/workspace/juelinliu_umass_edu-gpu-mvr/gpu-mvr/dataset/lotte/raw/gt.tsv --index /scratch3/workspace/juelinliu_umass_edu-gpu-mvr/gpu-mvr/dataset/lotte/gpu_mvr_2m --k 100 --nq -1 --warmup 5 --concurrent-queries 8 --config-file /scratch3/workspace/juelinliu_umass_edu-gpu-mvr/gpu-mvr/config/tmp/chimera_slot_targets/20260429T180041Z/lotte/chimera/targets090_095_slots8_runs3.csv,,2764.198,,r090_c1_run1,3.439,-1,5
chimera_slot_targets,chimera,lotte,0.90,c1,8,100,2,0.957421,0.909321,0.909321,1042.275,7.669,7.324,10.377,11.518,14.655,24.076,2.111,,8,4,64,2400,240,128,5,gpu_search,/scratch3/workspace/juelinliu_umass_edu-gpu-mvr/gpu-mvr/profiling/chimera_slot_targets/logs/20260429T180041Z/lotte/chimera/targets090_095_slots8_runs3.log,0,/scratch3/workspace/juelinliu_umass_edu-gpu-mvr/gpu-mvr/gpu-mvr/build/gpu_search --query /scratch3/workspace/juelinliu_umass_edu-gpu-mvr/gpu-mvr/dataset/lotte/raw/query.bin --gt /scratch3/workspace/juelinliu_umass_edu-gpu-mvr/gpu-mvr/dataset/lotte/raw/gt.tsv --index /scratch3/workspace/juelinliu_umass_edu-gpu-mvr/gpu-mvr/dataset/lotte/gpu_mvr_2m --k 100 --nq -1 --warmup 5 --concurrent-queries 8 --config-file /scratch3/workspace/juelinliu_umass_edu-gpu-mvr/gpu-mvr/config/tmp/chimera_slot_targets/20260429T180041Z/lotte/chimera/targets090_095_slots8_runs3.csv,,2812.116,,r090_c1_run2,3.016,-1,5
chimera_slot_targets,chimera,lotte,0.90,c1,8,100,3,0.957387,0.909277,0.909277,1068.587,7.480,7.140,9.890,10.914,13.373,17.896,1.866,,8,4,64,2400,240,128,5,gpu_search,/scratch3/workspace/juelinliu_umass_edu-gpu-mvr/gpu-mvr/profiling/chimera_slot_targets/logs/20260429T180041Z/lotte/chimera/targets090_095_slots8_runs3.log,0,/scratch3/workspace/juelinliu_umass_edu-gpu-mvr/gpu-mvr/gpu-mvr/build/gpu_search --query /scratch3/workspace/juelinliu_umass_edu-gpu-mvr/gpu-mvr/dataset/lotte/raw/query.bin --gt /scratch3/workspace/juelinliu_umass_edu-gpu-mvr/gpu-mvr/dataset/lotte/raw/gt.tsv --index /scratch3/workspace/juelinliu_umass_edu-gpu-mvr/gpu-mvr/dataset/lotte/gpu_mvr_2m --k 100 --nq -1 --warmup 5 --concurrent-queries 8 --config-file /scratch3/workspace/juelinliu_umass_edu-gpu-mvr/gpu-mvr/config/tmp/chimera_slot_targets/20260429T180041Z/lotte/chimera/targets090_095_slots8_runs3.csv,,2742.874,,r090_c1_run3,3.436,-1,5
chimera_slot_targets,chimera,lotte,0.95,f1,8,100,1,0.962811,0.950676,0.950676,703.187,11.366,11.159,14.160,15.525,18.012,25.626,2.284,,8,4,128,4000,400,192,5,gpu_search,/scratch3/workspace/juelinliu_umass_edu-gpu-mvr/gpu-mvr/profiling/chimera_slot_targets/logs/20260429T180041Z/lotte/chimera/targets090_095_slots8_runs3.log,0,/scratch3/workspace/juelinliu_umass_edu-gpu-mvr/gpu-mvr/gpu-mvr/build/gpu_search --query /scratch3/workspace/juelinliu_umass_edu-gpu-mvr/gpu-mvr/dataset/lotte/raw/query.bin --gt /scratch3/workspace/juelinliu_umass_edu-gpu-mvr/gpu-mvr/dataset/lotte/raw/gt.tsv --index /scratch3/workspace/juelinliu_umass_edu-gpu-mvr/gpu-mvr/dataset/lotte/gpu_mvr_2m --k 100 --nq -1 --warmup 5 --concurrent-queries 8 --config-file /scratch3/workspace/juelinliu_umass_edu-gpu-mvr/gpu-mvr/config/tmp/chimera_slot_targets/20260429T180041Z/lotte/chimera/targets090_095_slots8_runs3.csv,,4168.165,,r095_f1_run1,5.257,-1,5
chimera_slot_targets,chimera,lotte,0.95,f1,8,100,2,0.962811,0.950713,0.950713,701.811,11.388,11.139,14.264,15.451,18.041,28.581,2.301,,8,4,128,4000,400,192,5,gpu_search,/scratch3/workspace/juelinliu_umass_edu-gpu-mvr/gpu-mvr/profiling/chimera_slot_targets/logs/20260429T180041Z/lotte/chimera/targets090_095_slots8_runs3.log,0,/scratch3/workspace/juelinliu_umass_edu-gpu-mvr/gpu-mvr/gpu-mvr/build/gpu_search --query /scratch3/workspace/juelinliu_umass_edu-gpu-mvr/gpu-mvr/dataset/lotte/raw/query.bin --gt /scratch3/workspace/juelinliu_umass_edu-gpu-mvr/gpu-mvr/dataset/lotte/raw/gt.tsv --index /scratch3/workspace/juelinliu_umass_edu-gpu-mvr/gpu-mvr/dataset/lotte/gpu_mvr_2m --k 100 --nq -1 --warmup 5 --concurrent-queries 8 --config-file /scratch3/workspace/juelinliu_umass_edu-gpu-mvr/gpu-mvr/config/tmp/chimera_slot_targets/20260429T180041Z/lotte/chimera/targets090_095_slots8_runs3.csv,,4176.340,,r095_f1_run2,5.558,-1,5
chimera_slot_targets,chimera,lotte,0.95,f1,8,100,3,0.962845,0.950768,0.950768,704.273,11.349,11.093,14.286,15.786,18.031,23.784,2.312,10459.38,8,4,128,4000,400,192,5,gpu_search,/scratch3/workspace/juelinliu_umass_edu-gpu-mvr/gpu-mvr/profiling/chimera_slot_targets/logs/20260429T180041Z/lotte/chimera/targets090_095_slots8_runs3.log,0,/scratch3/workspace/juelinliu_umass_edu-gpu-mvr/gpu-mvr/gpu-mvr/build/gpu_search --query /scratch3/workspace/juelinliu_umass_edu-gpu-mvr/gpu-mvr/dataset/lotte/raw/query.bin --gt /scratch3/workspace/juelinliu_umass_edu-gpu-mvr/gpu-mvr/dataset/lotte/raw/gt.tsv --index /scratch3/workspace/juelinliu_umass_edu-gpu-mvr/gpu-mvr/dataset/lotte/gpu_mvr_2m --k 100 --nq -1 --warmup 5 --concurrent-queries 8 --config-file /scratch3/workspace/juelinliu_umass_edu-gpu-mvr/gpu-mvr/config/tmp/chimera_slot_targets/20260429T180041Z/lotte/chimera/targets090_095_slots8_runs3.csv,,4161.738,10459.38,r095_f1_run3,5.187,-1,5
chimera_slot_targets,chimera,lotte,0.90,c1,10,100,1,0.957455,0.909236,0.909236,984.239,10.150,9.505,14.541,16.446,20.815,31.978,3.356,,10,3,64,2400,240,128,5,gpu_search,/scratch3/workspace/juelinliu_umass_edu-gpu-mvr/gpu-mvr/profiling/chimera_slot_targets/logs/20260429T180041Z/lotte/chimera/targets090_095_slots10_runs3.log,0,/scratch3/workspace/juelinliu_umass_edu-gpu-mvr/gpu-mvr/gpu-mvr/build/gpu_search --query /scratch3/workspace/juelinliu_umass_edu-gpu-mvr/gpu-mvr/dataset/lotte/raw/query.bin --gt /scratch3/workspace/juelinliu_umass_edu-gpu-mvr/gpu-mvr/dataset/lotte/raw/gt.tsv --index /scratch3/workspace/juelinliu_umass_edu-gpu-mvr/gpu-mvr/dataset/lotte/gpu_mvr_2m --k 100 --nq -1 --warmup 5 --concurrent-queries 10 --config-file /scratch3/workspace/juelinliu_umass_edu-gpu-mvr/gpu-mvr/config/tmp/chimera_slot_targets/20260429T180041Z/lotte/chimera/targets090_095_slots10_runs3.csv,,2977.934,,r090_c1_run1,4.140,-1,5
chimera_slot_targets,chimera,lotte,0.90,c1,10,100,2,0.957421,0.90928,0.90928,991.775,10.072,9.405,14.687,16.699,20.780,36.206,3.486,,10,3,64,2400,240,128,5,gpu_search,/scratch3/workspace/juelinliu_umass_edu-gpu-mvr/gpu-mvr/profiling/chimera_slot_targets/logs/20260429T180041Z/lotte/chimera/targets090_095_slots10_runs3.log,0,/scratch3/workspace/juelinliu_umass_edu-gpu-mvr/gpu-mvr/gpu-mvr/build/gpu_search --query /scratch3/workspace/juelinliu_umass_edu-gpu-mvr/gpu-mvr/dataset/lotte/raw/query.bin --gt /scratch3/workspace/juelinliu_umass_edu-gpu-mvr/gpu-mvr/dataset/lotte/raw/gt.tsv --index /scratch3/workspace/juelinliu_umass_edu-gpu-mvr/gpu-mvr/dataset/lotte/gpu_mvr_2m --k 100 --nq -1 --warmup 5 --concurrent-queries 10 --config-file /scratch3/workspace/juelinliu_umass_edu-gpu-mvr/gpu-mvr/config/tmp/chimera_slot_targets/20260429T180041Z/lotte/chimera/targets090_095_slots10_runs3.csv,,2955.309,,r090_c1_run2,3.248,-1,5
chimera_slot_targets,chimera,lotte,0.90,c1,10,100,3,0.957455,0.909263,0.909263,988.671,10.104,9.366,14.713,16.887,22.222,43.395,3.702,,10,3,64,2400,240,128,5,gpu_search,/scratch3/workspace/juelinliu_umass_edu-gpu-mvr/gpu-mvr/profiling/chimera_slot_targets/logs/20260429T180041Z/lotte/chimera/targets090_095_slots10_runs3.log,0,/scratch3/workspace/juelinliu_umass_edu-gpu-mvr/gpu-mvr/gpu-mvr/build/gpu_search --query /scratch3/workspace/juelinliu_umass_edu-gpu-mvr/gpu-mvr/dataset/lotte/raw/query.bin --gt /scratch3/workspace/juelinliu_umass_edu-gpu-mvr/gpu-mvr/dataset/lotte/raw/gt.tsv --index /scratch3/workspace/juelinliu_umass_edu-gpu-mvr/gpu-mvr/dataset/lotte/gpu_mvr_2m --k 100 --nq -1 --warmup 5 --concurrent-queries 10 --config-file /scratch3/workspace/juelinliu_umass_edu-gpu-mvr/gpu-mvr/config/tmp/chimera_slot_targets/20260429T180041Z/lotte/chimera/targets090_095_slots10_runs3.csv,,2964.587,,r090_c1_run3,3.011,-1,5
chimera_slot_targets,chimera,lotte,0.95,f1,10,100,1,0.962845,0.950676,0.950676,695.499,14.365,13.905,18.832,20.637,24.803,31.903,3.427,,10,3,128,4000,400,192,5,gpu_search,/scratch3/workspace/juelinliu_umass_edu-gpu-mvr/gpu-mvr/profiling/chimera_slot_targets/logs/20260429T180041Z/lotte/chimera/targets090_095_slots10_runs3.log,0,/scratch3/workspace/juelinliu_umass_edu-gpu-mvr/gpu-mvr/gpu-mvr/build/gpu_search --query /scratch3/workspace/juelinliu_umass_edu-gpu-mvr/gpu-mvr/dataset/lotte/raw/query.bin --gt /scratch3/workspace/juelinliu_umass_edu-gpu-mvr/gpu-mvr/dataset/lotte/raw/gt.tsv --index /scratch3/workspace/juelinliu_umass_edu-gpu-mvr/gpu-mvr/dataset/lotte/gpu_mvr_2m --k 100 --nq -1 --warmup 5 --concurrent-queries 10 --config-file /scratch3/workspace/juelinliu_umass_edu-gpu-mvr/gpu-mvr/config/tmp/chimera_slot_targets/20260429T180041Z/lotte/chimera/targets090_095_slots10_runs3.csv,,4214.241,,r095_f1_run1,5.858,-1,5
chimera_slot_targets,chimera,lotte,0.95,f1,10,100,2,0.962845,0.950744,0.950744,694.734,14.378,13.778,19.390,21.453,25.668,36.731,3.714,,10,3,128,4000,400,192,5,gpu_search,/scratch3/workspace/juelinliu_umass_edu-gpu-mvr/gpu-mvr/profiling/chimera_slot_targets/logs/20260429T180041Z/lotte/chimera/targets090_095_slots10_runs3.log,0,/scratch3/workspace/juelinliu_umass_edu-gpu-mvr/gpu-mvr/gpu-mvr/build/gpu_search --query /scratch3/workspace/juelinliu_umass_edu-gpu-mvr/gpu-mvr/dataset/lotte/raw/query.bin --gt /scratch3/workspace/juelinliu_umass_edu-gpu-mvr/gpu-mvr/dataset/lotte/raw/gt.tsv --index /scratch3/workspace/juelinliu_umass_edu-gpu-mvr/gpu-mvr/dataset/lotte/gpu_mvr_2m --k 100 --nq -1 --warmup 5 --concurrent-queries 10 --config-file /scratch3/workspace/juelinliu_umass_edu-gpu-mvr/gpu-mvr/config/tmp/chimera_slot_targets/20260429T180041Z/lotte/chimera/targets090_095_slots10_runs3.csv,,4218.879,,r095_f1_run2,6.478,-1,5
chimera_slot_targets,chimera,lotte,0.95,f1,10,100,3,0.962811,0.950713,0.950713,686.639,14.546,13.991,19.558,21.822,26.430,34.526,3.842,10839.38,10,3,128,4000,400,192,5,gpu_search,/scratch3/workspace/juelinliu_umass_edu-gpu-mvr/gpu-mvr/profiling/chimera_slot_targets/logs/20260429T180041Z/lotte/chimera/targets090_095_slots10_runs3.log,0,/scratch3/workspace/juelinliu_umass_edu-gpu-mvr/gpu-mvr/gpu-mvr/build/gpu_search --query /scratch3/workspace/juelinliu_umass_edu-gpu-mvr/gpu-mvr/dataset/lotte/raw/query.bin --gt /scratch3/workspace/juelinliu_umass_edu-gpu-mvr/gpu-mvr/dataset/lotte/raw/gt.tsv --index /scratch3/workspace/juelinliu_umass_edu-gpu-mvr/gpu-mvr/dataset/lotte/gpu_mvr_2m --k 100 --nq -1 --warmup 5 --concurrent-queries 10 --config-file /scratch3/workspace/juelinliu_umass_edu-gpu-mvr/gpu-mvr/config/tmp/chimera_slot_targets/20260429T180041Z/lotte/chimera/targets090_095_slots10_runs3.csv,,4268.616,10839.38,r095_f1_run3,6.184,-1,5
chimera_slot_targets,chimera,msmarco,0.90,b2,1,100,1,0.963782,0.917332,0.917332,499.650,2.001,1.965,2.150,2.221,2.383,17.773,0.482,,1,32,64,1800,180,96,4,gpu_search,/scratch3/workspace/juelinliu_umass_edu-gpu-mvr/gpu-mvr/profiling/chimera_slot_targets/logs/20260429T180041Z/msmarco/chimera/targets090_095_slots1_runs3.log,0,/scratch3/workspace/juelinliu_umass_edu-gpu-mvr/gpu-mvr/gpu-mvr/build/gpu_search --query /scratch3/workspace/juelinliu_umass_edu-gpu-mvr/gpu-mvr/dataset/msmarco/raw/query.bin --gt /scratch3/workspace/juelinliu_umass_edu-gpu-mvr/gpu-mvr/dataset/msmarco/raw/gt.tsv --index /scratch3/workspace/juelinliu_umass_edu-gpu-mvr/gpu-mvr/dataset/msmarco/gpu_mvr_2m --k 100 --nq -1 --warmup 5 --concurrent-queries 1 --config-file /scratch3/workspace/juelinliu_umass_edu-gpu-mvr/gpu-mvr/config/tmp/chimera_slot_targets/20260429T180041Z/msmarco/chimera/targets090_095_slots1_runs3.csv,,13969.786,,r090_b2_run1,1.624,-1,5
chimera_slot_targets,chimera,msmarco,0.90,b2,1,100,2,0.963797,0.917335,0.917335,521.621,1.917,1.894,2.060,2.122,2.257,17.176,0.355,,1,32,64,1800,180,96,4,gpu_search,/scratch3/workspace/juelinliu_umass_edu-gpu-mvr/gpu-mvr/profiling/chimera_slot_targets/logs/20260429T180041Z/msmarco/chimera/targets090_095_slots1_runs3.log,0,/scratch3/workspace/juelinliu_umass_edu-gpu-mvr/gpu-mvr/gpu-mvr/build/gpu_search --query /scratch3/workspace/juelinliu_umass_edu-gpu-mvr/gpu-mvr/dataset/msmarco/raw/query.bin --gt /scratch3/workspace/juelinliu_umass_edu-gpu-mvr/gpu-mvr/dataset/msmarco/raw/gt.tsv --index /scratch3/workspace/juelinliu_umass_edu-gpu-mvr/gpu-mvr/dataset/msmarco/gpu_mvr_2m --k 100 --nq -1 --warmup 5 --concurrent-queries 1 --config-file /scratch3/workspace/juelinliu_umass_edu-gpu-mvr/gpu-mvr/config/tmp/chimera_slot_targets/20260429T180041Z/msmarco/chimera/targets090_095_slots1_runs3.csv,,13381.370,,r090_b2_run2,1.566,-1,5
chimera_slot_targets,chimera,msmarco,0.90,b2,1,100,3,0.963811,0.917314,0.917314,515.201,1.941,1.908,2.088,2.150,2.321,10.038,0.349,,1,32,64,1800,180,96,4,gpu_search,/scratch3/workspace/juelinliu_umass_edu-gpu-mvr/gpu-mvr/profiling/chimera_slot_targets/logs/20260429T180041Z/msmarco/chimera/targets090_095_slots1_runs3.log,0,/scratch3/workspace/juelinliu_umass_edu-gpu-mvr/gpu-mvr/gpu-mvr/build/gpu_search --query /scratch3/workspace/juelinliu_umass_edu-gpu-mvr/gpu-mvr/dataset/msmarco/raw/query.bin --gt /scratch3/workspace/juelinliu_umass_edu-gpu-mvr/gpu-mvr/dataset/msmarco/raw/gt.tsv --index /scratch3/workspace/juelinliu_umass_edu-gpu-mvr/gpu-mvr/dataset/msmarco/gpu_mvr_2m --k 100 --nq -1 --warmup 5 --concurrent-queries 1 --config-file /scratch3/workspace/juelinliu_umass_edu-gpu-mvr/gpu-mvr/config/tmp/chimera_slot_targets/20260429T180041Z/msmarco/chimera/targets090_095_slots1_runs3.csv,,13548.123,,r090_b2_run3,1.569,-1,5
chimera_slot_targets,chimera,msmarco,0.95,q2,1,100,1,0.965759,0.951844,0.951844,363.763,2.749,2.726,2.981,3.065,3.262,7.040,0.223,,1,32,96,3200,320,160,6,gpu_search,/scratch3/workspace/juelinliu_umass_edu-gpu-mvr/gpu-mvr/profiling/chimera_slot_targets/logs/20260429T180041Z/msmarco/chimera/targets090_095_slots1_runs3.log,0,/scratch3/workspace/juelinliu_umass_edu-gpu-mvr/gpu-mvr/gpu-mvr/build/gpu_search --query /scratch3/workspace/juelinliu_umass_edu-gpu-mvr/gpu-mvr/dataset/msmarco/raw/query.bin --gt /scratch3/workspace/juelinliu_umass_edu-gpu-mvr/gpu-mvr/dataset/msmarco/raw/gt.tsv --index /scratch3/workspace/juelinliu_umass_edu-gpu-mvr/gpu-mvr/dataset/msmarco/gpu_mvr_2m --k 100 --nq -1 --warmup 5 --concurrent-queries 1 --config-file /scratch3/workspace/juelinliu_umass_edu-gpu-mvr/gpu-mvr/config/tmp/chimera_slot_targets/20260429T180041Z/msmarco/chimera/targets090_095_slots1_runs3.csv,,19188.342,,r095_q2_run1,2.205,-1,5
chimera_slot_targets,chimera,msmarco,0.95,q2,1,100,2,0.965774,0.951825,0.951825,360.336,2.775,2.728,2.987,3.070,3.348,12.028,0.488,,1,32,96,3200,320,160,6,gpu_search,/scratch3/workspace/juelinliu_umass_edu-gpu-mvr/gpu-mvr/profiling/chimera_slot_targets/logs/20260429T180041Z/msmarco/chimera/targets090_095_slots1_runs3.log,0,/scratch3/workspace/juelinliu_umass_edu-gpu-mvr/gpu-mvr/gpu-mvr/build/gpu_search --query /scratch3/workspace/juelinliu_umass_edu-gpu-mvr/gpu-mvr/dataset/msmarco/raw/query.bin --gt /scratch3/workspace/juelinliu_umass_edu-gpu-mvr/gpu-mvr/dataset/msmarco/raw/gt.tsv --index /scratch3/workspace/juelinliu_umass_edu-gpu-mvr/gpu-mvr/dataset/msmarco/gpu_mvr_2m --k 100 --nq -1 --warmup 5 --concurrent-queries 1 --config-file /scratch3/workspace/juelinliu_umass_edu-gpu-mvr/gpu-mvr/config/tmp/chimera_slot_targets/20260429T180041Z/msmarco/chimera/targets090_095_slots1_runs3.csv,,19370.805,,r095_q2_run2,2.108,-1,5
chimera_slot_targets,chimera,msmarco,0.95,q2,1,100,3,0.965774,0.95186,0.95186,364.689,2.742,2.706,2.953,3.039,3.261,14.392,0.453,18057.38,1,32,96,3200,320,160,6,gpu_search,/scratch3/workspace/juelinliu_umass_edu-gpu-mvr/gpu-mvr/profiling/chimera_slot_targets/logs/20260429T180041Z/msmarco/chimera/targets090_095_slots1_runs3.log,0,/scratch3/workspace/juelinliu_umass_edu-gpu-mvr/gpu-mvr/gpu-mvr/build/gpu_search --query /scratch3/workspace/juelinliu_umass_edu-gpu-mvr/gpu-mvr/dataset/msmarco/raw/query.bin --gt /scratch3/workspace/juelinliu_umass_edu-gpu-mvr/gpu-mvr/dataset/msmarco/raw/gt.tsv --index /scratch3/workspace/juelinliu_umass_edu-gpu-mvr/gpu-mvr/dataset/msmarco/gpu_mvr_2m --k 100 --nq -1 --warmup 5 --concurrent-queries 1 --config-file /scratch3/workspace/juelinliu_umass_edu-gpu-mvr/gpu-mvr/config/tmp/chimera_slot_targets/20260429T180041Z/msmarco/chimera/targets090_095_slots1_runs3.csv,,19139.586,18057.38,r095_q2_run3,2.178,-1,5
chimera_slot_targets,chimera,msmarco,0.90,b2,2,100,1,0.963825,0.917341,0.917341,797.394,2.507,2.475,2.732,2.839,3.144,11.030,0.300,,2,16,64,1800,180,96,4,gpu_search,/scratch3/workspace/juelinliu_umass_edu-gpu-mvr/gpu-mvr/profiling/chimera_slot_targets/logs/20260429T180041Z/msmarco/chimera/targets090_095_slots2_runs3.log,0,/scratch3/workspace/juelinliu_umass_edu-gpu-mvr/gpu-mvr/gpu-mvr/build/gpu_search --query /scratch3/workspace/juelinliu_umass_edu-gpu-mvr/gpu-mvr/dataset/msmarco/raw/query.bin --gt /scratch3/workspace/juelinliu_umass_edu-gpu-mvr/gpu-mvr/dataset/msmarco/raw/gt.tsv --index /scratch3/workspace/juelinliu_umass_edu-gpu-mvr/gpu-mvr/dataset/msmarco/gpu_mvr_2m --k 100 --nq -1 --warmup 5 --concurrent-queries 2 --config-file /scratch3/workspace/juelinliu_umass_edu-gpu-mvr/gpu-mvr/config/tmp/chimera_slot_targets/20260429T180041Z/msmarco/chimera/targets090_095_slots2_runs3.csv,,8753.513,,r090_b2_run1,1.874,-1,5
chimera_slot_targets,chimera,msmarco,0.90,b2,2,100,2,0.963782,0.91733,0.91733,809.909,2.469,2.430,2.684,2.784,3.111,13.784,0.422,,2,16,64,1800,180,96,4,gpu_search,/scratch3/workspace/juelinliu_umass_edu-gpu-mvr/gpu-mvr/profiling/chimera_slot_targets/logs/20260429T180041Z/msmarco/chimera/targets090_095_slots2_runs3.log,0,/scratch3/workspace/juelinliu_umass_edu-gpu-mvr/gpu-mvr/gpu-mvr/build/gpu_search --query /scratch3/workspace/juelinliu_umass_edu-gpu-mvr/gpu-mvr/dataset/msmarco/raw/query.bin --gt /scratch3/workspace/juelinliu_umass_edu-gpu-mvr/gpu-mvr/dataset/msmarco/raw/gt.tsv --index /scratch3/workspace/juelinliu_umass_edu-gpu-mvr/gpu-mvr/dataset/msmarco/gpu_mvr_2m --k 100 --nq -1 --warmup 5 --concurrent-queries 2 --config-file /scratch3/workspace/juelinliu_umass_edu-gpu-mvr/gpu-mvr/config/tmp/chimera_slot_targets/20260429T180041Z/msmarco/chimera/targets090_095_slots2_runs3.csv,,8618.248,,r090_b2_run2,1.781,-1,5
chimera_slot_targets,chimera,msmarco,0.90,b2,2,100,3,0.963768,0.917271,0.917271,807.966,2.475,2.426,2.677,2.777,3.406,14.567,0.497,,2,16,64,1800,180,96,4,gpu_search,/scratch3/workspace/juelinliu_umass_edu-gpu-mvr/gpu-mvr/profiling/chimera_slot_targets/logs/20260429T180041Z/msmarco/chimera/targets090_095_slots2_runs3.log,0,/scratch3/workspace/juelinliu_umass_edu-gpu-mvr/gpu-mvr/gpu-mvr/build/gpu_search --query /scratch3/workspace/juelinliu_umass_edu-gpu-mvr/gpu-mvr/dataset/msmarco/raw/query.bin --gt /scratch3/workspace/juelinliu_umass_edu-gpu-mvr/gpu-mvr/dataset/msmarco/raw/gt.tsv --index /scratch3/workspace/juelinliu_umass_edu-gpu-mvr/gpu-mvr/dataset/msmarco/gpu_mvr_2m --k 100 --nq -1 --warmup 5 --concurrent-queries 2 --config-file /scratch3/workspace/juelinliu_umass_edu-gpu-mvr/gpu-mvr/config/tmp/chimera_slot_targets/20260429T180041Z/msmarco/chimera/targets090_095_slots2_runs3.csv,,8638.979,,r090_b2_run3,1.733,-1,5
chimera_slot_targets,chimera,msmarco,0.95,q2,2,100,1,0.965774,0.951842,0.951842,536.411,3.728,3.668,4.081,4.247,4.885,13.362,0.478,,2,16,96,3200,320,160,6,gpu_search,/scratch3/workspace/juelinliu_umass_edu-gpu-mvr/gpu-mvr/profiling/chimera_slot_targets/logs/20260429T180041Z/msmarco/chimera/targets090_095_slots2_runs3.log,0,/scratch3/workspace/juelinliu_umass_edu-gpu-mvr/gpu-mvr/gpu-mvr/build/gpu_search --query /scratch3/workspace/juelinliu_umass_edu-gpu-mvr/gpu-mvr/dataset/msmarco/raw/query.bin --gt /scratch3/workspace/juelinliu_umass_edu-gpu-mvr/gpu-mvr/dataset/msmarco/raw/gt.tsv --index /scratch3/workspace/juelinliu_umass_edu-gpu-mvr/gpu-mvr/dataset/msmarco/gpu_mvr_2m --k 100 --nq -1 --warmup 5 --concurrent-queries 2 --config-file /scratch3/workspace/juelinliu_umass_edu-gpu-mvr/gpu-mvr/config/tmp/chimera_slot_targets/20260429T180041Z/msmarco/chimera/targets090_095_slots2_runs3.csv,,13012.399,,r095_q2_run1,2.617,-1,5
chimera_slot_targets,chimera,msmarco,0.95,q2,2,100,2,0.965774,0.951812,0.951812,543.190,3.681,3.634,4.051,4.217,4.766,11.396,0.410,,2,16,96,3200,320,160,6,gpu_search,/scratch3/workspace/juelinliu_umass_edu-gpu-mvr/gpu-mvr/profiling/chimera_slot_targets/logs/20260429T180041Z/msmarco/chimera/targets090_095_slots2_runs3.log,0,/scratch3/workspace/juelinliu_umass_edu-gpu-mvr/gpu-mvr/gpu-mvr/build/gpu_search --query /scratch3/workspace/juelinliu_umass_edu-gpu-mvr/gpu-mvr/dataset/msmarco/raw/query.bin --gt /scratch3/workspace/juelinliu_umass_edu-gpu-mvr/gpu-mvr/dataset/msmarco/raw/gt.tsv --index /scratch3/workspace/juelinliu_umass_edu-gpu-mvr/gpu-mvr/dataset/msmarco/gpu_mvr_2m --k 100 --nq -1 --warmup 5 --concurrent-queries 2 --config-file /scratch3/workspace/juelinliu_umass_edu-gpu-mvr/gpu-mvr/config/tmp/chimera_slot_targets/20260429T180041Z/msmarco/chimera/targets090_095_slots2_runs3.csv,,12850.005,,r095_q2_run2,2.517,-1,5
chimera_slot_targets,chimera,msmarco,0.95,q2,2,100,3,0.965774,0.951832,0.951832,537.802,3.718,3.628,4.058,4.277,6.737,15.491,0.725,18309.38,2,16,96,3200,320,160,6,gpu_search,/scratch3/workspace/juelinliu_umass_edu-gpu-mvr/gpu-mvr/profiling/chimera_slot_targets/logs/20260429T180041Z/msmarco/chimera/targets090_095_slots2_runs3.log,0,/scratch3/workspace/juelinliu_umass_edu-gpu-mvr/gpu-mvr/gpu-mvr/build/gpu_search --query /scratch3/workspace/juelinliu_umass_edu-gpu-mvr/gpu-mvr/dataset/msmarco/raw/query.bin --gt /scratch3/workspace/juelinliu_umass_edu-gpu-mvr/gpu-mvr/dataset/msmarco/raw/gt.tsv --index /scratch3/workspace/juelinliu_umass_edu-gpu-mvr/gpu-mvr/dataset/msmarco/gpu_mvr_2m --k 100 --nq -1 --warmup 5 --concurrent-queries 2 --config-file /scratch3/workspace/juelinliu_umass_edu-gpu-mvr/gpu-mvr/config/tmp/chimera_slot_targets/20260429T180041Z/msmarco/chimera/targets090_095_slots2_runs3.csv,,12978.745,18309.38,r095_q2_run3,2.440,-1,5
chimera_slot_targets,chimera,msmarco,0.90,b2,4,100,1,0.963782,0.917372,0.917372,973.673,4.107,4.050,4.686,4.913,6.081,17.043,0.789,,4,8,64,1800,180,96,4,gpu_search,/scratch3/workspace/juelinliu_umass_edu-gpu-mvr/gpu-mvr/profiling/chimera_slot_targets/logs/20260429T180041Z/msmarco/chimera/targets090_095_slots4_runs3.log,0,/scratch3/workspace/juelinliu_umass_edu-gpu-mvr/gpu-mvr/gpu-mvr/build/gpu_search --query /scratch3/workspace/juelinliu_umass_edu-gpu-mvr/gpu-mvr/dataset/msmarco/raw/query.bin --gt /scratch3/workspace/juelinliu_umass_edu-gpu-mvr/gpu-mvr/dataset/msmarco/raw/gt.tsv --index /scratch3/workspace/juelinliu_umass_edu-gpu-mvr/gpu-mvr/dataset/msmarco/gpu_mvr_2m --k 100 --nq -1 --warmup 5 --concurrent-queries 4 --config-file /scratch3/workspace/juelinliu_umass_edu-gpu-mvr/gpu-mvr/config/tmp/chimera_slot_targets/20260429T180041Z/msmarco/chimera/targets090_095_slots4_runs3.csv,,7168.728,,r090_b2_run1,1.953,-1,5
chimera_slot_targets,chimera,msmarco,0.90,b2,4,100,2,0.963811,0.917314,0.917314,983.945,4.061,4.024,4.634,4.875,5.646,15.205,0.638,,4,8,64,1800,180,96,4,gpu_search,/scratch3/workspace/juelinliu_umass_edu-gpu-mvr/gpu-mvr/profiling/chimera_slot_targets/logs/20260429T180041Z/msmarco/chimera/targets090_095_slots4_runs3.log,0,/scratch3/workspace/juelinliu_umass_edu-gpu-mvr/gpu-mvr/gpu-mvr/build/gpu_search --query /scratch3/workspace/juelinliu_umass_edu-gpu-mvr/gpu-mvr/dataset/msmarco/raw/query.bin --gt /scratch3/workspace/juelinliu_umass_edu-gpu-mvr/gpu-mvr/dataset/msmarco/raw/gt.tsv --index /scratch3/workspace/juelinliu_umass_edu-gpu-mvr/gpu-mvr/dataset/msmarco/gpu_mvr_2m --k 100 --nq -1 --warmup 5 --concurrent-queries 4 --config-file /scratch3/workspace/juelinliu_umass_edu-gpu-mvr/gpu-mvr/config/tmp/chimera_slot_targets/20260429T180041Z/msmarco/chimera/targets090_095_slots4_runs3.csv,,7093.892,,r090_b2_run2,2.481,-1,5
chimera_slot_targets,chimera,msmarco,0.90,b2,4,100,3,0.963797,0.917298,0.917298,981.387,4.075,4.043,4.662,4.874,5.807,12.311,0.589,,4,8,64,1800,180,96,4,gpu_search,/scratch3/workspace/juelinliu_umass_edu-gpu-mvr/gpu-mvr/profiling/chimera_slot_targets/logs/20260429T180041Z/msmarco/chimera/targets090_095_slots4_runs3.log,0,/scratch3/workspace/juelinliu_umass_edu-gpu-mvr/gpu-mvr/gpu-mvr/build/gpu_search --query /scratch3/workspace/juelinliu_umass_edu-gpu-mvr/gpu-mvr/dataset/msmarco/raw/query.bin --gt /scratch3/workspace/juelinliu_umass_edu-gpu-mvr/gpu-mvr/dataset/msmarco/raw/gt.tsv --index /scratch3/workspace/juelinliu_umass_edu-gpu-mvr/gpu-mvr/dataset/msmarco/gpu_mvr_2m --k 100 --nq -1 --warmup 5 --concurrent-queries 4 --config-file /scratch3/workspace/juelinliu_umass_edu-gpu-mvr/gpu-mvr/config/tmp/chimera_slot_targets/20260429T180041Z/msmarco/chimera/targets090_095_slots4_runs3.csv,,7112.383,,r090_b2_run3,2.383,-1,5
chimera_slot_targets,chimera,msmarco,0.95,q2,4,100,1,0.965774,0.951815,0.951815,614.491,6.508,6.437,7.806,8.336,9.638,15.378,1.111,,4,8,96,3200,320,160,6,gpu_search,/scratch3/workspace/juelinliu_umass_edu-gpu-mvr/gpu-mvr/profiling/chimera_slot_targets/logs/20260429T180041Z/msmarco/chimera/targets090_095_slots4_runs3.log,0,/scratch3/workspace/juelinliu_umass_edu-gpu-mvr/gpu-mvr/gpu-mvr/build/gpu_search --query /scratch3/workspace/juelinliu_umass_edu-gpu-mvr/gpu-mvr/dataset/msmarco/raw/query.bin --gt /scratch3/workspace/juelinliu_umass_edu-gpu-mvr/gpu-mvr/dataset/msmarco/raw/gt.tsv --index /scratch3/workspace/juelinliu_umass_edu-gpu-mvr/gpu-mvr/dataset/msmarco/gpu_mvr_2m --k 100 --nq -1 --warmup 5 --concurrent-queries 4 --config-file /scratch3/workspace/juelinliu_umass_edu-gpu-mvr/gpu-mvr/config/tmp/chimera_slot_targets/20260429T180041Z/msmarco/chimera/targets090_095_slots4_runs3.csv,,11358.988,,r095_q2_run1,3.508,-1,5
chimera_slot_targets,chimera,msmarco,0.95,q2,4,100,2,0.965759,0.951825,0.951825,621.150,6.438,6.385,7.722,8.189,9.024,12.322,0.996,,4,8,96,3200,320,160,6,gpu_search,/scratch3/workspace/juelinliu_umass_edu-gpu-mvr/gpu-mvr/profiling/chimera_slot_targets/logs/20260429T180041Z/msmarco/chimera/targets090_095_slots4_runs3.log,0,/scratch3/workspace/juelinliu_umass_edu-gpu-mvr/gpu-mvr/gpu-mvr/build/gpu_search --query /scratch3/workspace/juelinliu_umass_edu-gpu-mvr/gpu-mvr/dataset/msmarco/raw/query.bin --gt /scratch3/workspace/juelinliu_umass_edu-gpu-mvr/gpu-mvr/dataset/msmarco/raw/gt.tsv --index /scratch3/workspace/juelinliu_umass_edu-gpu-mvr/gpu-mvr/dataset/msmarco/gpu_mvr_2m --k 100 --nq -1 --warmup 5 --concurrent-queries 4 --config-file /scratch3/workspace/juelinliu_umass_edu-gpu-mvr/gpu-mvr/config/tmp/chimera_slot_targets/20260429T180041Z/msmarco/chimera/targets090_095_slots4_runs3.csv,,11237.218,,r095_q2_run2,3.764,-1,5
chimera_slot_targets,chimera,msmarco,0.95,q2,4,100,3,0.965774,0.951848,0.951848,622.137,6.428,6.389,7.695,8.134,8.862,12.733,0.974,18795.38,4,8,96,3200,320,160,6,gpu_search,/scratch3/workspace/juelinliu_umass_edu-gpu-mvr/gpu-mvr/profiling/chimera_slot_targets/logs/20260429T180041Z/msmarco/chimera/targets090_095_slots4_runs3.log,0,/scratch3/workspace/juelinliu_umass_edu-gpu-mvr/gpu-mvr/gpu-mvr/build/gpu_search --query /scratch3/workspace/juelinliu_umass_edu-gpu-mvr/gpu-mvr/dataset/msmarco/raw/query.bin --gt /scratch3/workspace/juelinliu_umass_edu-gpu-mvr/gpu-mvr/dataset/msmarco/raw/gt.tsv --index /scratch3/workspace/juelinliu_umass_edu-gpu-mvr/gpu-mvr/dataset/msmarco/gpu_mvr_2m --k 100 --nq -1 --warmup 5 --concurrent-queries 4 --config-file /scratch3/workspace/juelinliu_umass_edu-gpu-mvr/gpu-mvr/config/tmp/chimera_slot_targets/20260429T180041Z/msmarco/chimera/targets090_095_slots4_runs3.csv,,11219.392,18795.38,r095_q2_run3,3.898,-1,5
chimera_slot_targets,chimera,msmarco,0.90,b2,8,100,1,0.963768,0.917298,0.917298,1038.098,7.703,7.488,9.965,10.984,13.227,19.670,1.789,,8,4,64,1800,180,96,4,gpu_search,/scratch3/workspace/juelinliu_umass_edu-gpu-mvr/gpu-mvr/profiling/chimera_slot_targets/logs/20260429T180041Z/msmarco/chimera/targets090_095_slots8_runs3.log,0,/scratch3/workspace/juelinliu_umass_edu-gpu-mvr/gpu-mvr/gpu-mvr/build/gpu_search --query /scratch3/workspace/juelinliu_umass_edu-gpu-mvr/gpu-mvr/dataset/msmarco/raw/query.bin --gt /scratch3/workspace/juelinliu_umass_edu-gpu-mvr/gpu-mvr/dataset/msmarco/raw/gt.tsv --index /scratch3/workspace/juelinliu_umass_edu-gpu-mvr/gpu-mvr/dataset/msmarco/gpu_mvr_2m --k 100 --nq -1 --warmup 5 --concurrent-queries 8 --config-file /scratch3/workspace/juelinliu_umass_edu-gpu-mvr/gpu-mvr/config/tmp/chimera_slot_targets/20260429T180041Z/msmarco/chimera/targets090_095_slots8_runs3.csv,,6723.836,,r090_b2_run1,2.715,-1,5
chimera_slot_targets,chimera,msmarco,0.90,b2,8,100,2,0.963782,0.917344,0.917344,1034.258,7.733,7.481,10.250,11.304,13.399,25.821,1.936,,8,4,64,1800,180,96,4,gpu_search,/scratch3/workspace/juelinliu_umass_edu-gpu-mvr/gpu-mvr/profiling/chimera_slot_targets/logs/20260429T180041Z/msmarco/chimera/targets090_095_slots8_runs3.log,0,/scratch3/workspace/juelinliu_umass_edu-gpu-mvr/gpu-mvr/gpu-mvr/build/gpu_search --query /scratch3/workspace/juelinliu_umass_edu-gpu-mvr/gpu-mvr/dataset/msmarco/raw/query.bin --gt /scratch3/workspace/juelinliu_umass_edu-gpu-mvr/gpu-mvr/dataset/msmarco/raw/gt.tsv --index /scratch3/workspace/juelinliu_umass_edu-gpu-mvr/gpu-mvr/dataset/msmarco/gpu_mvr_2m --k 100 --nq -1 --warmup 5 --concurrent-queries 8 --config-file /scratch3/workspace/juelinliu_umass_edu-gpu-mvr/gpu-mvr/config/tmp/chimera_slot_targets/20260429T180041Z/msmarco/chimera/targets090_095_slots8_runs3.csv,,6748.798,,r090_b2_run2,1.917,-1,5
chimera_slot_targets,chimera,msmarco,0.90,b2,8,100,3,0.963782,0.917282,0.917282,1041.780,7.677,7.457,10.048,10.976,13.162,25.778,1.850,,8,4,64,1800,180,96,4,gpu_search,/scratch3/workspace/juelinliu_umass_edu-gpu-mvr/gpu-mvr/profiling/chimera_slot_targets/logs/20260429T180041Z/msmarco/chimera/targets090_095_slots8_runs3.log,0,/scratch3/workspace/juelinliu_umass_edu-gpu-mvr/gpu-mvr/gpu-mvr/build/gpu_search --query /scratch3/workspace/juelinliu_umass_edu-gpu-mvr/gpu-mvr/dataset/msmarco/raw/query.bin --gt /scratch3/workspace/juelinliu_umass_edu-gpu-mvr/gpu-mvr/dataset/msmarco/raw/gt.tsv --index /scratch3/workspace/juelinliu_umass_edu-gpu-mvr/gpu-mvr/dataset/msmarco/gpu_mvr_2m --k 100 --nq -1 --warmup 5 --concurrent-queries 8 --config-file /scratch3/workspace/juelinliu_umass_edu-gpu-mvr/gpu-mvr/config/tmp/chimera_slot_targets/20260429T180041Z/msmarco/chimera/targets090_095_slots8_runs3.csv,,6700.070,,r090_b2_run3,2.232,-1,5
chimera_slot_targets,chimera,msmarco,0.95,q2,8,100,1,0.965774,0.951828,0.951828,643.374,12.431,12.113,16.094,17.415,20.994,35.434,2.815,,8,4,96,3200,320,160,6,gpu_search,/scratch3/workspace/juelinliu_umass_edu-gpu-mvr/gpu-mvr/profiling/chimera_slot_targets/logs/20260429T180041Z/msmarco/chimera/targets090_095_slots8_runs3.log,0,/scratch3/workspace/juelinliu_umass_edu-gpu-mvr/gpu-mvr/gpu-mvr/build/gpu_search --query /scratch3/workspace/juelinliu_umass_edu-gpu-mvr/gpu-mvr/dataset/msmarco/raw/query.bin --gt /scratch3/workspace/juelinliu_umass_edu-gpu-mvr/gpu-mvr/dataset/msmarco/raw/gt.tsv --index /scratch3/workspace/juelinliu_umass_edu-gpu-mvr/gpu-mvr/dataset/msmarco/gpu_mvr_2m --k 100 --nq -1 --warmup 5 --concurrent-queries 8 --config-file /scratch3/workspace/juelinliu_umass_edu-gpu-mvr/gpu-mvr/config/tmp/chimera_slot_targets/20260429T180041Z/msmarco/chimera/targets090_095_slots8_runs3.csv,,10849.057,,r095_q2_run1,3.412,-1,5
chimera_slot_targets,chimera,msmarco,0.95,q2,8,100,2,0.965774,0.951855,0.951855,642.901,12.440,12.080,16.201,17.800,21.025,40.025,2.946,,8,4,96,3200,320,160,6,gpu_search,/scratch3/workspace/juelinliu_umass_edu-gpu-mvr/gpu-mvr/profiling/chimera_slot_targets/logs/20260429T180041Z/msmarco/chimera/targets090_095_slots8_runs3.log,0,/scratch3/workspace/juelinliu_umass_edu-gpu-mvr/gpu-mvr/gpu-mvr/build/gpu_search --query /scratch3/workspace/juelinliu_umass_edu-gpu-mvr/gpu-mvr/dataset/msmarco/raw/query.bin --gt /scratch3/workspace/juelinliu_umass_edu-gpu-mvr/gpu-mvr/dataset/msmarco/raw/gt.tsv --index /scratch3/workspace/juelinliu_umass_edu-gpu-mvr/gpu-mvr/dataset/msmarco/gpu_mvr_2m --k 100 --nq -1 --warmup 5 --concurrent-queries 8 --config-file /scratch3/workspace/juelinliu_umass_edu-gpu-mvr/gpu-mvr/config/tmp/chimera_slot_targets/20260429T180041Z/msmarco/chimera/targets090_095_slots8_runs3.csv,,10857.030,,r095_q2_run2,5.267,-1,5
chimera_slot_targets,chimera,msmarco,0.95,q2,8,100,3,0.965759,0.951808,0.951808,642.805,12.443,12.085,16.268,17.860,21.519,34.601,2.917,19763.38,8,4,96,3200,320,160,6,gpu_search,/scratch3/workspace/juelinliu_umass_edu-gpu-mvr/gpu-mvr/profiling/chimera_slot_targets/logs/20260429T180041Z/msmarco/chimera/targets090_095_slots8_runs3.log,0,/scratch3/workspace/juelinliu_umass_edu-gpu-mvr/gpu-mvr/gpu-mvr/build/gpu_search --query /scratch3/workspace/juelinliu_umass_edu-gpu-mvr/gpu-mvr/dataset/msmarco/raw/query.bin --gt /scratch3/workspace/juelinliu_umass_edu-gpu-mvr/gpu-mvr/dataset/msmarco/raw/gt.tsv --index /scratch3/workspace/juelinliu_umass_edu-gpu-mvr/gpu-mvr/dataset/msmarco/gpu_mvr_2m --k 100 --nq -1 --warmup 5 --concurrent-queries 8 --config-file /scratch3/workspace/juelinliu_umass_edu-gpu-mvr/gpu-mvr/config/tmp/chimera_slot_targets/20260429T180041Z/msmarco/chimera/targets090_095_slots8_runs3.csv,,10858.653,19763.38,r095_q2_run3,5.346,-1,5
chimera_slot_targets,chimera,msmarco,0.90,b2,10,100,1,0.963768,0.917342,0.917342,984.125,10.157,9.503,14.778,16.987,21.662,33.459,3.563,,10,3,64,1800,180,96,4,gpu_search,/scratch3/workspace/juelinliu_umass_edu-gpu-mvr/gpu-mvr/profiling/chimera_slot_targets/logs/20260429T180041Z/msmarco/chimera/targets090_095_slots10_runs3.log,0,/scratch3/workspace/juelinliu_umass_edu-gpu-mvr/gpu-mvr/gpu-mvr/build/gpu_search --query /scratch3/workspace/juelinliu_umass_edu-gpu-mvr/gpu-mvr/dataset/msmarco/raw/query.bin --gt /scratch3/workspace/juelinliu_umass_edu-gpu-mvr/gpu-mvr/dataset/msmarco/raw/gt.tsv --index /scratch3/workspace/juelinliu_umass_edu-gpu-mvr/gpu-mvr/dataset/msmarco/gpu_mvr_2m --k 100 --nq -1 --warmup 5 --concurrent-queries 10 --config-file /scratch3/workspace/juelinliu_umass_edu-gpu-mvr/gpu-mvr/config/tmp/chimera_slot_targets/20260429T180041Z/msmarco/chimera/targets090_095_slots10_runs3.csv,,7092.598,,r090_b2_run1,3.226,-1,5
chimera_slot_targets,chimera,msmarco,0.90,b2,10,100,2,0.963825,0.917302,0.917302,1011.966,9.878,9.280,14.151,15.917,20.236,37.558,3.261,,10,3,64,1800,180,96,4,gpu_search,/scratch3/workspace/juelinliu_umass_edu-gpu-mvr/gpu-mvr/profiling/chimera_slot_targets/logs/20260429T180041Z/msmarco/chimera/targets090_095_slots10_runs3.log,0,/scratch3/workspace/juelinliu_umass_edu-gpu-mvr/gpu-mvr/gpu-mvr/build/gpu_search --query /scratch3/workspace/juelinliu_umass_edu-gpu-mvr/gpu-mvr/dataset/msmarco/raw/query.bin --gt /scratch3/workspace/juelinliu_umass_edu-gpu-mvr/gpu-mvr/dataset/msmarco/raw/gt.tsv --index /scratch3/workspace/juelinliu_umass_edu-gpu-mvr/gpu-mvr/dataset/msmarco/gpu_mvr_2m --k 100 --nq -1 --warmup 5 --concurrent-queries 10 --config-file /scratch3/workspace/juelinliu_umass_edu-gpu-mvr/gpu-mvr/config/tmp/chimera_slot_targets/20260429T180041Z/msmarco/chimera/targets090_095_slots10_runs3.csv,,6897.466,,r090_b2_run2,3.462,-1,5
chimera_slot_targets,chimera,msmarco,0.90,b2,10,100,3,0.963782,0.917403,0.917403,988.801,10.110,9.445,14.839,16.889,21.471,33.577,3.533,,10,3,64,1800,180,96,4,gpu_search,/scratch3/workspace/juelinliu_umass_edu-gpu-mvr/gpu-mvr/profiling/chimera_slot_targets/logs/20260429T180041Z/msmarco/chimera/targets090_095_slots10_runs3.log,0,/scratch3/workspace/juelinliu_umass_edu-gpu-mvr/gpu-mvr/gpu-mvr/build/gpu_search --query /scratch3/workspace/juelinliu_umass_edu-gpu-mvr/gpu-mvr/dataset/msmarco/raw/query.bin --gt /scratch3/workspace/juelinliu_umass_edu-gpu-mvr/gpu-mvr/dataset/msmarco/raw/gt.tsv --index /scratch3/workspace/juelinliu_umass_edu-gpu-mvr/gpu-mvr/dataset/msmarco/gpu_mvr_2m --k 100 --nq -1 --warmup 5 --concurrent-queries 10 --config-file /scratch3/workspace/juelinliu_umass_edu-gpu-mvr/gpu-mvr/config/tmp/chimera_slot_targets/20260429T180041Z/msmarco/chimera/targets090_095_slots10_runs3.csv,,7059.051,,r090_b2_run3,3.579,-1,5
chimera_slot_targets,chimera,msmarco,0.95,q2,10,100,1,0.965774,0.951832,0.951832,636.410,15.707,14.938,21.980,24.751,30.002,41.629,4.715,,10,3,96,3200,320,160,6,gpu_search,/scratch3/workspace/juelinliu_umass_edu-gpu-mvr/gpu-mvr/profiling/chimera_slot_targets/logs/20260429T180041Z/msmarco/chimera/targets090_095_slots10_runs3.log,0,/scratch3/workspace/juelinliu_umass_edu-gpu-mvr/gpu-mvr/gpu-mvr/build/gpu_search --query /scratch3/workspace/juelinliu_umass_edu-gpu-mvr/gpu-mvr/dataset/msmarco/raw/query.bin --gt /scratch3/workspace/juelinliu_umass_edu-gpu-mvr/gpu-mvr/dataset/msmarco/raw/gt.tsv --index /scratch3/workspace/juelinliu_umass_edu-gpu-mvr/gpu-mvr/dataset/msmarco/gpu_mvr_2m --k 100 --nq -1 --warmup 5 --concurrent-queries 10 --config-file /scratch3/workspace/juelinliu_umass_edu-gpu-mvr/gpu-mvr/config/tmp/chimera_slot_targets/20260429T180041Z/msmarco/chimera/targets090_095_slots10_runs3.csv,,10967.766,,r095_q2_run1,5.838,-1,5
chimera_slot_targets,chimera,msmarco,0.95,q2,10,100,2,0.965774,0.951835,0.951835,639.670,15.627,14.759,21.988,24.877,30.318,45.944,4.800,,10,3,96,3200,320,160,6,gpu_search,/scratch3/workspace/juelinliu_umass_edu-gpu-mvr/gpu-mvr/profiling/chimera_slot_targets/logs/20260429T180041Z/msmarco/chimera/targets090_095_slots10_runs3.log,0,/scratch3/workspace/juelinliu_umass_edu-gpu-mvr/gpu-mvr/gpu-mvr/build/gpu_search --query /scratch3/workspace/juelinliu_umass_edu-gpu-mvr/gpu-mvr/dataset/msmarco/raw/query.bin --gt /scratch3/workspace/juelinliu_umass_edu-gpu-mvr/gpu-mvr/dataset/msmarco/raw/gt.tsv --index /scratch3/workspace/juelinliu_umass_edu-gpu-mvr/gpu-mvr/dataset/msmarco/gpu_mvr_2m --k 100 --nq -1 --warmup 5 --concurrent-queries 10 --config-file /scratch3/workspace/juelinliu_umass_edu-gpu-mvr/gpu-mvr/config/tmp/chimera_slot_targets/20260429T180041Z/msmarco/chimera/targets090_095_slots10_runs3.csv,,10911.883,,r095_q2_run2,6.055,-1,5
chimera_slot_targets,chimera,msmarco,0.95,q2,10,100,3,0.965774,0.951857,0.951857,636.157,15.714,14.803,22.427,25.109,31.530,53.861,5.048,20229.38,10,3,96,3200,320,160,6,gpu_search,/scratch3/workspace/juelinliu_umass_edu-gpu-mvr/gpu-mvr/profiling/chimera_slot_targets/logs/20260429T180041Z/msmarco/chimera/targets090_095_slots10_runs3.log,0,/scratch3/workspace/juelinliu_umass_edu-gpu-mvr/gpu-mvr/gpu-mvr/build/gpu_search --query /scratch3/workspace/juelinliu_umass_edu-gpu-mvr/gpu-mvr/dataset/msmarco/raw/query.bin --gt /scratch3/workspace/juelinliu_umass_edu-gpu-mvr/gpu-mvr/dataset/msmarco/raw/gt.tsv --index /scratch3/workspace/juelinliu_umass_edu-gpu-mvr/gpu-mvr/dataset/msmarco/gpu_mvr_2m --k 100 --nq -1 --warmup 5 --concurrent-queries 10 --config-file /scratch3/workspace/juelinliu_umass_edu-gpu-mvr/gpu-mvr/config/tmp/chimera_slot_targets/20260429T180041Z/msmarco/chimera/targets090_095_slots10_runs3.csv,,10972.137,20229.38,r095_q2_run3,4.635,-1,5
chimera_slot_targets,chimera,hotpot,0.90,q4,1,100,1,0.9442,0.91393,0.91393,315.109,3.172,3.021,3.345,3.468,11.204,13.515,1.059,,1,32,160,5000,500,224,6,gpu_search,/scratch3/workspace/juelinliu_umass_edu-gpu-mvr/gpu-mvr/profiling/chimera_slot_targets/logs/20260429T180041Z/hotpot/chimera/targets090_095_slots1_runs3.log,0,/scratch3/workspace/juelinliu_umass_edu-gpu-mvr/gpu-mvr/gpu-mvr/build/gpu_search --query /scratch3/workspace/juelinliu_umass_edu-gpu-mvr/gpu-mvr/dataset/hotpot/raw/query.bin --gt /scratch3/workspace/juelinliu_umass_edu-gpu-mvr/gpu-mvr/dataset/hotpot/raw/gt.tsv --index /scratch3/workspace/juelinliu_umass_edu-gpu-mvr/gpu-mvr/dataset/hotpot/gpu_mvr_2m --k 100 --nq -1 --warmup 5 --concurrent-queries 1 --config-file /scratch3/workspace/juelinliu_umass_edu-gpu-mvr/gpu-mvr/config/tmp/chimera_slot_targets/20260429T180041Z/hotpot/chimera/targets090_095_slots1_runs3.csv,,3173.510,,r090_q4_run1,2.526,-1,5
chimera_slot_targets,chimera,hotpot,0.90,q4,1,100,2,0.9443,0.91394,0.91394,321.947,3.106,2.961,3.263,3.377,10.775,13.181,1.100,,1,32,160,5000,500,224,6,gpu_search,/scratch3/workspace/juelinliu_umass_edu-gpu-mvr/gpu-mvr/profiling/chimera_slot_targets/logs/20260429T180041Z/hotpot/chimera/targets090_095_slots1_runs3.log,0,/scratch3/workspace/juelinliu_umass_edu-gpu-mvr/gpu-mvr/gpu-mvr/build/gpu_search --query /scratch3/workspace/juelinliu_umass_edu-gpu-mvr/gpu-mvr/dataset/hotpot/raw/query.bin --gt /scratch3/workspace/juelinliu_umass_edu-gpu-mvr/gpu-mvr/dataset/hotpot/raw/gt.tsv --index /scratch3/workspace/juelinliu_umass_edu-gpu-mvr/gpu-mvr/dataset/hotpot/gpu_mvr_2m --k 100 --nq -1 --warmup 5 --concurrent-queries 1 --config-file /scratch3/workspace/juelinliu_umass_edu-gpu-mvr/gpu-mvr/config/tmp/chimera_slot_targets/20260429T180041Z/hotpot/chimera/targets090_095_slots1_runs3.csv,,3106.106,,r090_q4_run2,2.323,-1,5
chimera_slot_targets,chimera,hotpot,0.90,q4,1,100,3,0.9444,0.91389,0.91389,317.952,3.142,3.007,3.318,3.468,7.927,14.502,0.895,,1,32,160,5000,500,224,6,gpu_search,/scratch3/workspace/juelinliu_umass_edu-gpu-mvr/gpu-mvr/profiling/chimera_slot_targets/logs/20260429T180041Z/hotpot/chimera/targets090_095_slots1_runs3.log,0,/scratch3/workspace/juelinliu_umass_edu-gpu-mvr/gpu-mvr/gpu-mvr/build/gpu_search --query /scratch3/workspace/juelinliu_umass_edu-gpu-mvr/gpu-mvr/dataset/hotpot/raw/query.bin --gt /scratch3/workspace/juelinliu_umass_edu-gpu-mvr/gpu-mvr/dataset/hotpot/raw/gt.tsv --index /scratch3/workspace/juelinliu_umass_edu-gpu-mvr/gpu-mvr/dataset/hotpot/gpu_mvr_2m --k 100 --nq -1 --warmup 5 --concurrent-queries 1 --config-file /scratch3/workspace/juelinliu_umass_edu-gpu-mvr/gpu-mvr/config/tmp/chimera_slot_targets/20260429T180041Z/hotpot/chimera/targets090_095_slots1_runs3.csv,,3145.131,,r090_q4_run3,2.567,-1,5
chimera_slot_targets,chimera,hotpot,0.95,q9,1,100,1,0.9495,0.95013,0.95013,128.946,7.755,7.524,8.308,8.534,14.514,23.600,1.628,,1,32,384,28000,1800,448,5,gpu_search,/scratch3/workspace/juelinliu_umass_edu-gpu-mvr/gpu-mvr/profiling/chimera_slot_targets/logs/20260429T180041Z/hotpot/chimera/targets090_095_slots1_runs3.log,0,/scratch3/workspace/juelinliu_umass_edu-gpu-mvr/gpu-mvr/gpu-mvr/build/gpu_search --query /scratch3/workspace/juelinliu_umass_edu-gpu-mvr/gpu-mvr/dataset/hotpot/raw/query.bin --gt /scratch3/workspace/juelinliu_umass_edu-gpu-mvr/gpu-mvr/dataset/hotpot/raw/gt.tsv --index /scratch3/workspace/juelinliu_umass_edu-gpu-mvr/gpu-mvr/dataset/hotpot/gpu_mvr_2m --k 100 --nq -1 --warmup 5 --concurrent-queries 1 --config-file /scratch3/workspace/juelinliu_umass_edu-gpu-mvr/gpu-mvr/config/tmp/chimera_slot_targets/20260429T180041Z/hotpot/chimera/targets090_095_slots1_runs3.csv,,7755.192,,r095_q9_run1,5.992,-1,5
chimera_slot_targets,chimera,hotpot,0.95,q9,1,100,2,0.9495,0.95013,0.95013,133.763,7.475,7.413,8.144,8.357,11.528,14.586,0.806,,1,32,384,28000,1800,448,5,gpu_search,/scratch3/workspace/juelinliu_umass_edu-gpu-mvr/gpu-mvr/profiling/chimera_slot_targets/logs/20260429T180041Z/hotpot/chimera/targets090_095_slots1_runs3.log,0,/scratch3/workspace/juelinliu_umass_edu-gpu-mvr/gpu-mvr/gpu-mvr/build/gpu_search --query /scratch3/workspace/juelinliu_umass_edu-gpu-mvr/gpu-mvr/dataset/hotpot/raw/query.bin --gt /scratch3/workspace/juelinliu_umass_edu-gpu-mvr/gpu-mvr/dataset/hotpot/raw/gt.tsv --index /scratch3/workspace/juelinliu_umass_edu-gpu-mvr/gpu-mvr/dataset/hotpot/gpu_mvr_2m --k 100 --nq -1 --warmup 5 --concurrent-queries 1 --config-file /scratch3/workspace/juelinliu_umass_edu-gpu-mvr/gpu-mvr/config/tmp/chimera_slot_targets/20260429T180041Z/hotpot/chimera/targets090_095_slots1_runs3.csv,,7475.923,,r095_q9_run2,5.845,-1,5
chimera_slot_targets,chimera,hotpot,0.95,q9,1,100,3,0.9495,0.95011,0.95011,133.663,7.481,7.384,8.143,8.308,12.785,14.592,0.887,10205.38,1,32,384,28000,1800,448,5,gpu_search,/scratch3/workspace/juelinliu_umass_edu-gpu-mvr/gpu-mvr/profiling/chimera_slot_targets/logs/20260429T180041Z/hotpot/chimera/targets090_095_slots1_runs3.log,0,/scratch3/workspace/juelinliu_umass_edu-gpu-mvr/gpu-mvr/gpu-mvr/build/gpu_search --query /scratch3/workspace/juelinliu_umass_edu-gpu-mvr/gpu-mvr/dataset/hotpot/raw/query.bin --gt /scratch3/workspace/juelinliu_umass_edu-gpu-mvr/gpu-mvr/dataset/hotpot/raw/gt.tsv --index /scratch3/workspace/juelinliu_umass_edu-gpu-mvr/gpu-mvr/dataset/hotpot/gpu_mvr_2m --k 100 --nq -1 --warmup 5 --concurrent-queries 1 --config-file /scratch3/workspace/juelinliu_umass_edu-gpu-mvr/gpu-mvr/config/tmp/chimera_slot_targets/20260429T180041Z/hotpot/chimera/targets090_095_slots1_runs3.csv,,7481.492,10205.38,r095_q9_run3,5.760,-1,5
chimera_slot_targets,chimera,hotpot,0.90,q4,2,100,1,0.9442,0.91391,0.91391,469.947,4.253,4.115,4.574,4.773,9.351,14.359,0.940,,2,16,160,5000,500,224,6,gpu_search,/scratch3/workspace/juelinliu_umass_edu-gpu-mvr/gpu-mvr/profiling/chimera_slot_targets/logs/20260429T180041Z/hotpot/chimera/targets090_095_slots2_runs3.log,0,/scratch3/workspace/juelinliu_umass_edu-gpu-mvr/gpu-mvr/gpu-mvr/build/gpu_search --query /scratch3/workspace/juelinliu_umass_edu-gpu-mvr/gpu-mvr/dataset/hotpot/raw/query.bin --gt /scratch3/workspace/juelinliu_umass_edu-gpu-mvr/gpu-mvr/dataset/hotpot/raw/gt.tsv --index /scratch3/workspace/juelinliu_umass_edu-gpu-mvr/gpu-mvr/dataset/hotpot/gpu_mvr_2m --k 100 --nq -1 --warmup 5 --concurrent-queries 2 --config-file /scratch3/workspace/juelinliu_umass_edu-gpu-mvr/gpu-mvr/config/tmp/chimera_slot_targets/20260429T180041Z/hotpot/chimera/targets090_095_slots2_runs3.csv,,2127.898,,r090_q4_run1,3.162,-1,5
chimera_slot_targets,chimera,hotpot,0.90,q4,2,100,2,0.9443,0.91405,0.91405,484.619,4.123,4.037,4.473,4.632,7.365,12.978,0.800,,2,16,160,5000,500,224,6,gpu_search,/scratch3/workspace/juelinliu_umass_edu-gpu-mvr/gpu-mvr/profiling/chimera_slot_targets/logs/20260429T180041Z/hotpot/chimera/targets090_095_slots2_runs3.log,0,/scratch3/workspace/juelinliu_umass_edu-gpu-mvr/gpu-mvr/gpu-mvr/build/gpu_search --query /scratch3/workspace/juelinliu_umass_edu-gpu-mvr/gpu-mvr/dataset/hotpot/raw/query.bin --gt /scratch3/workspace/juelinliu_umass_edu-gpu-mvr/gpu-mvr/dataset/hotpot/raw/gt.tsv --index /scratch3/workspace/juelinliu_umass_edu-gpu-mvr/gpu-mvr/dataset/hotpot/gpu_mvr_2m --k 100 --nq -1 --warmup 5 --concurrent-queries 2 --config-file /scratch3/workspace/juelinliu_umass_edu-gpu-mvr/gpu-mvr/config/tmp/chimera_slot_targets/20260429T180041Z/hotpot/chimera/targets090_095_slots2_runs3.csv,,2063.478,,r090_q4_run2,2.926,-1,5
chimera_slot_targets,chimera,hotpot,0.90,q4,2,100,3,0.9444,0.91381,0.91381,493.643,4.049,3.981,4.434,4.565,5.528,12.278,0.562,,2,16,160,5000,500,224,6,gpu_search,/scratch3/workspace/juelinliu_umass_edu-gpu-mvr/gpu-mvr/profiling/chimera_slot_targets/logs/20260429T180041Z/hotpot/chimera/targets090_095_slots2_runs3.log,0,/scratch3/workspace/juelinliu_umass_edu-gpu-mvr/gpu-mvr/gpu-mvr/build/gpu_search --query /scratch3/workspace/juelinliu_umass_edu-gpu-mvr/gpu-mvr/dataset/hotpot/raw/query.bin --gt /scratch3/workspace/juelinliu_umass_edu-gpu-mvr/gpu-mvr/dataset/hotpot/raw/gt.tsv --index /scratch3/workspace/juelinliu_umass_edu-gpu-mvr/gpu-mvr/dataset/hotpot/gpu_mvr_2m --k 100 --nq -1 --warmup 5 --concurrent-queries 2 --config-file /scratch3/workspace/juelinliu_umass_edu-gpu-mvr/gpu-mvr/config/tmp/chimera_slot_targets/20260429T180041Z/hotpot/chimera/targets090_095_slots2_runs3.csv,,2025.755,,r090_q4_run3,3.123,-1,5
chimera_slot_targets,chimera,hotpot,0.95,q9,2,100,1,0.9495,0.95012,0.95012,162.938,12.269,12.022,13.492,14.153,21.062,28.968,1.938,,2,16,384,28000,1800,448,5,gpu_search,/scratch3/workspace/juelinliu_umass_edu-gpu-mvr/gpu-mvr/profiling/chimera_slot_targets/logs/20260429T180041Z/hotpot/chimera/targets090_095_slots2_runs3.log,0,/scratch3/workspace/juelinliu_umass_edu-gpu-mvr/gpu-mvr/gpu-mvr/build/gpu_search --query /scratch3/workspace/juelinliu_umass_edu-gpu-mvr/gpu-mvr/dataset/hotpot/raw/query.bin --gt /scratch3/workspace/juelinliu_umass_edu-gpu-mvr/gpu-mvr/dataset/hotpot/raw/gt.tsv --index /scratch3/workspace/juelinliu_umass_edu-gpu-mvr/gpu-mvr/dataset/hotpot/gpu_mvr_2m --k 100 --nq -1 --warmup 5 --concurrent-queries 2 --config-file /scratch3/workspace/juelinliu_umass_edu-gpu-mvr/gpu-mvr/config/tmp/chimera_slot_targets/20260429T180041Z/hotpot/chimera/targets090_095_slots2_runs3.csv,,6137.297,,r095_q9_run1,8.322,-1,5
chimera_slot_targets,chimera,hotpot,0.95,q9,2,100,2,0.9495,0.95011,0.95011,168.598,11.856,11.861,13.168,13.476,14.420,17.770,1.055,,2,16,384,28000,1800,448,5,gpu_search,/scratch3/workspace/juelinliu_umass_edu-gpu-mvr/gpu-mvr/profiling/chimera_slot_targets/logs/20260429T180041Z/hotpot/chimera/targets090_095_slots2_runs3.log,0,/scratch3/workspace/juelinliu_umass_edu-gpu-mvr/gpu-mvr/gpu-mvr/build/gpu_search --query /scratch3/workspace/juelinliu_umass_edu-gpu-mvr/gpu-mvr/dataset/hotpot/raw/query.bin --gt /scratch3/workspace/juelinliu_umass_edu-gpu-mvr/gpu-mvr/dataset/hotpot/raw/gt.tsv --index /scratch3/workspace/juelinliu_umass_edu-gpu-mvr/gpu-mvr/dataset/hotpot/gpu_mvr_2m --k 100 --nq -1 --warmup 5 --concurrent-queries 2 --config-file /scratch3/workspace/juelinliu_umass_edu-gpu-mvr/gpu-mvr/config/tmp/chimera_slot_targets/20260429T180041Z/hotpot/chimera/targets090_095_slots2_runs3.csv,,5931.274,,r095_q9_run2,9.053,-1,5
chimera_slot_targets,chimera,hotpot,0.95,q9,2,100,3,0.9495,0.95013,0.95013,167.019,11.967,11.886,13.332,13.803,16.576,21.152,1.255,11011.38,2,16,384,28000,1800,448,5,gpu_search,/scratch3/workspace/juelinliu_umass_edu-gpu-mvr/gpu-mvr/profiling/chimera_slot_targets/logs/20260429T180041Z/hotpot/chimera/targets090_095_slots2_runs3.log,0,/scratch3/workspace/juelinliu_umass_edu-gpu-mvr/gpu-mvr/gpu-mvr/build/gpu_search --query /scratch3/workspace/juelinliu_umass_edu-gpu-mvr/gpu-mvr/dataset/hotpot/raw/query.bin --gt /scratch3/workspace/juelinliu_umass_edu-gpu-mvr/gpu-mvr/dataset/hotpot/raw/gt.tsv --index /scratch3/workspace/juelinliu_umass_edu-gpu-mvr/gpu-mvr/dataset/hotpot/gpu_mvr_2m --k 100 --nq -1 --warmup 5 --concurrent-queries 2 --config-file /scratch3/workspace/juelinliu_umass_edu-gpu-mvr/gpu-mvr/config/tmp/chimera_slot_targets/20260429T180041Z/hotpot/chimera/targets090_095_slots2_runs3.csv,,5987.331,11011.38,r095_q9_run3,8.778,-1,5
chimera_slot_targets,chimera,hotpot,0.90,q4,4,100,1,0.9442,0.91406,0.91406,550.887,7.251,7.124,8.128,8.554,11.246,18.662,1.163,,4,8,160,5000,500,224,6,gpu_search,/scratch3/workspace/juelinliu_umass_edu-gpu-mvr/gpu-mvr/profiling/chimera_slot_targets/logs/20260429T180041Z/hotpot/chimera/targets090_095_slots4_runs3.log,0,/scratch3/workspace/juelinliu_umass_edu-gpu-mvr/gpu-mvr/gpu-mvr/build/gpu_search --query /scratch3/workspace/juelinliu_umass_edu-gpu-mvr/gpu-mvr/dataset/hotpot/raw/query.bin --gt /scratch3/workspace/juelinliu_umass_edu-gpu-mvr/gpu-mvr/dataset/hotpot/raw/gt.tsv --index /scratch3/workspace/juelinliu_umass_edu-gpu-mvr/gpu-mvr/dataset/hotpot/gpu_mvr_2m --k 100 --nq -1 --warmup 5 --concurrent-queries 4 --config-file /scratch3/workspace/juelinliu_umass_edu-gpu-mvr/gpu-mvr/config/tmp/chimera_slot_targets/20260429T180041Z/hotpot/chimera/targets090_095_slots4_runs3.csv,,1815.255,,r090_q4_run1,4.271,-1,5
chimera_slot_targets,chimera,hotpot,0.90,q4,4,100,2,0.9443,0.91388,0.91388,573.517,6.964,6.848,7.734,8.065,10.466,23.673,1.189,,4,8,160,5000,500,224,6,gpu_search,/scratch3/workspace/juelinliu_umass_edu-gpu-mvr/gpu-mvr/profiling/chimera_slot_targets/logs/20260429T180041Z/hotpot/chimera/targets090_095_slots4_runs3.log,0,/scratch3/workspace/juelinliu_umass_edu-gpu-mvr/gpu-mvr/gpu-mvr/build/gpu_search --query /scratch3/workspace/juelinliu_umass_edu-gpu-mvr/gpu-mvr/dataset/hotpot/raw/query.bin --gt /scratch3/workspace/juelinliu_umass_edu-gpu-mvr/gpu-mvr/dataset/hotpot/raw/gt.tsv --index /scratch3/workspace/juelinliu_umass_edu-gpu-mvr/gpu-mvr/dataset/hotpot/gpu_mvr_2m --k 100 --nq -1 --warmup 5 --concurrent-queries 4 --config-file /scratch3/workspace/juelinliu_umass_edu-gpu-mvr/gpu-mvr/config/tmp/chimera_slot_targets/20260429T180041Z/hotpot/chimera/targets090_095_slots4_runs3.csv,,1743.627,,r090_q4_run2,4.733,-1,5
chimera_slot_targets,chimera,hotpot,0.90,q4,4,100,3,0.9442,0.91411,0.91411,569.386,7.015,6.865,7.815,8.131,9.443,27.691,1.463,,4,8,160,5000,500,224,6,gpu_search,/scratch3/workspace/juelinliu_umass_edu-gpu-mvr/gpu-mvr/profiling/chimera_slot_targets/logs/20260429T180041Z/hotpot/chimera/targets090_095_slots4_runs3.log,0,/scratch3/workspace/juelinliu_umass_edu-gpu-mvr/gpu-mvr/gpu-mvr/build/gpu_search --query /scratch3/workspace/juelinliu_umass_edu-gpu-mvr/gpu-mvr/dataset/hotpot/raw/query.bin --gt /scratch3/workspace/juelinliu_umass_edu-gpu-mvr/gpu-mvr/dataset/hotpot/raw/gt.tsv --index /scratch3/workspace/juelinliu_umass_edu-gpu-mvr/gpu-mvr/dataset/hotpot/gpu_mvr_2m --k 100 --nq -1 --warmup 5 --concurrent-queries 4 --config-file /scratch3/workspace/juelinliu_umass_edu-gpu-mvr/gpu-mvr/config/tmp/chimera_slot_targets/20260429T180041Z/hotpot/chimera/targets090_095_slots4_runs3.csv,,1756.279,,r090_q4_run3,4.516,-1,5
chimera_slot_targets,chimera,hotpot,0.95,q9,4,100,1,0.9495,0.95009,0.95009,181.078,22.062,21.841,24.818,26.125,29.682,43.646,2.522,,4,8,384,28000,1800,448,5,gpu_search,/scratch3/workspace/juelinliu_umass_edu-gpu-mvr/gpu-mvr/profiling/chimera_slot_targets/logs/20260429T180041Z/hotpot/chimera/targets090_095_slots4_runs3.log,0,/scratch3/workspace/juelinliu_umass_edu-gpu-mvr/gpu-mvr/gpu-mvr/build/gpu_search --query /scratch3/workspace/juelinliu_umass_edu-gpu-mvr/gpu-mvr/dataset/hotpot/raw/query.bin --gt /scratch3/workspace/juelinliu_umass_edu-gpu-mvr/gpu-mvr/dataset/hotpot/raw/gt.tsv --index /scratch3/workspace/juelinliu_umass_edu-gpu-mvr/gpu-mvr/dataset/hotpot/gpu_mvr_2m --k 100 --nq -1 --warmup 5 --concurrent-queries 4 --config-file /scratch3/workspace/juelinliu_umass_edu-gpu-mvr/gpu-mvr/config/tmp/chimera_slot_targets/20260429T180041Z/hotpot/chimera/targets090_095_slots4_runs3.csv,,5522.481,,r095_q9_run1,15.049,-1,5
chimera_slot_targets,chimera,hotpot,0.95,q9,4,100,2,0.9495,0.95008,0.95008,182.669,21.869,21.685,24.369,25.229,27.028,32.225,2.032,,4,8,384,28000,1800,448,5,gpu_search,/scratch3/workspace/juelinliu_umass_edu-gpu-mvr/gpu-mvr/profiling/chimera_slot_targets/logs/20260429T180041Z/hotpot/chimera/targets090_095_slots4_runs3.log,0,/scratch3/workspace/juelinliu_umass_edu-gpu-mvr/gpu-mvr/gpu-mvr/build/gpu_search --query /scratch3/workspace/juelinliu_umass_edu-gpu-mvr/gpu-mvr/dataset/hotpot/raw/query.bin --gt /scratch3/workspace/juelinliu_umass_edu-gpu-mvr/gpu-mvr/dataset/hotpot/raw/gt.tsv --index /scratch3/workspace/juelinliu_umass_edu-gpu-mvr/gpu-mvr/dataset/hotpot/gpu_mvr_2m --k 100 --nq -1 --warmup 5 --concurrent-queries 4 --config-file /scratch3/workspace/juelinliu_umass_edu-gpu-mvr/gpu-mvr/config/tmp/chimera_slot_targets/20260429T180041Z/hotpot/chimera/targets090_095_slots4_runs3.csv,,5474.387,,r095_q9_run2,15.904,-1,5
chimera_slot_targets,chimera,hotpot,0.95,q9,4,100,3,0.9495,0.95014,0.95014,182.818,21.856,21.755,24.421,25.519,27.936,31.422,2.127,12613.38,4,8,384,28000,1800,448,5,gpu_search,/scratch3/workspace/juelinliu_umass_edu-gpu-mvr/gpu-mvr/profiling/chimera_slot_targets/logs/20260429T180041Z/hotpot/chimera/targets090_095_slots4_runs3.log,0,/scratch3/workspace/juelinliu_umass_edu-gpu-mvr/gpu-mvr/gpu-mvr/build/gpu_search --query /scratch3/workspace/juelinliu_umass_edu-gpu-mvr/gpu-mvr/dataset/hotpot/raw/query.bin --gt /scratch3/workspace/juelinliu_umass_edu-gpu-mvr/gpu-mvr/dataset/hotpot/raw/gt.tsv --index /scratch3/workspace/juelinliu_umass_edu-gpu-mvr/gpu-mvr/dataset/hotpot/gpu_mvr_2m --k 100 --nq -1 --warmup 5 --concurrent-queries 4 --config-file /scratch3/workspace/juelinliu_umass_edu-gpu-mvr/gpu-mvr/config/tmp/chimera_slot_targets/20260429T180041Z/hotpot/chimera/targets090_095_slots4_runs3.csv,,5469.922,12613.38,r095_q9_run3,14.691,-1,5
chimera_slot_targets,chimera,hotpot,0.90,q4,8,100,1,0.9442,0.91398,0.91398,607.206,13.146,12.811,16.773,17.921,20.780,25.945,2.698,,8,4,160,5000,500,224,6,gpu_search,/scratch3/workspace/juelinliu_umass_edu-gpu-mvr/gpu-mvr/profiling/chimera_slot_targets/logs/20260429T180041Z/hotpot/chimera/targets090_095_slots8_runs3.log,0,/scratch3/workspace/juelinliu_umass_edu-gpu-mvr/gpu-mvr/gpu-mvr/build/gpu_search --query /scratch3/workspace/juelinliu_umass_edu-gpu-mvr/gpu-mvr/dataset/hotpot/raw/query.bin --gt /scratch3/workspace/juelinliu_umass_edu-gpu-mvr/gpu-mvr/dataset/hotpot/raw/gt.tsv --index /scratch3/workspace/juelinliu_umass_edu-gpu-mvr/gpu-mvr/dataset/hotpot/gpu_mvr_2m --k 100 --nq -1 --warmup 5 --concurrent-queries 8 --config-file /scratch3/workspace/juelinliu_umass_edu-gpu-mvr/gpu-mvr/config/tmp/chimera_slot_targets/20260429T180041Z/hotpot/chimera/targets090_095_slots8_runs3.csv,,1646.887,,r090_q4_run1,7.180,-1,5
chimera_slot_targets,chimera,hotpot,0.90,q4,8,100,2,0.9442,0.91389,0.91389,607.981,13.133,12.763,16.557,18.256,21.894,25.263,2.788,,8,4,160,5000,500,224,6,gpu_search,/scratch3/workspace/juelinliu_umass_edu-gpu-mvr/gpu-mvr/profiling/chimera_slot_targets/logs/20260429T180041Z/hotpot/chimera/targets090_095_slots8_runs3.log,0,/scratch3/workspace/juelinliu_umass_edu-gpu-mvr/gpu-mvr/gpu-mvr/build/gpu_search --query /scratch3/workspace/juelinliu_umass_edu-gpu-mvr/gpu-mvr/dataset/hotpot/raw/query.bin --gt /scratch3/workspace/juelinliu_umass_edu-gpu-mvr/gpu-mvr/dataset/hotpot/raw/gt.tsv --index /scratch3/workspace/juelinliu_umass_edu-gpu-mvr/gpu-mvr/dataset/hotpot/gpu_mvr_2m --k 100 --nq -1 --warmup 5 --concurrent-queries 8 --config-file /scratch3/workspace/juelinliu_umass_edu-gpu-mvr/gpu-mvr/config/tmp/chimera_slot_targets/20260429T180041Z/hotpot/chimera/targets090_095_slots8_runs3.csv,,1644.787,,r090_q4_run2,5.516,-1,5
chimera_slot_targets,chimera,hotpot,0.90,q4,8,100,3,0.9444,0.91394,0.91394,606.627,13.161,12.755,16.638,18.183,21.061,23.998,2.655,,8,4,160,5000,500,224,6,gpu_search,/scratch3/workspace/juelinliu_umass_edu-gpu-mvr/gpu-mvr/profiling/chimera_slot_targets/logs/20260429T180041Z/hotpot/chimera/targets090_095_slots8_runs3.log,0,/scratch3/workspace/juelinliu_umass_edu-gpu-mvr/gpu-mvr/gpu-mvr/build/gpu_search --query /scratch3/workspace/juelinliu_umass_edu-gpu-mvr/gpu-mvr/dataset/hotpot/raw/query.bin --gt /scratch3/workspace/juelinliu_umass_edu-gpu-mvr/gpu-mvr/dataset/hotpot/raw/gt.tsv --index /scratch3/workspace/juelinliu_umass_edu-gpu-mvr/gpu-mvr/dataset/hotpot/gpu_mvr_2m --k 100 --nq -1 --warmup 5 --concurrent-queries 8 --config-file /scratch3/workspace/juelinliu_umass_edu-gpu-mvr/gpu-mvr/config/tmp/chimera_slot_targets/20260429T180041Z/hotpot/chimera/targets090_095_slots8_runs3.csv,,1648.459,,r090_q4_run3,5.964,-1,5
chimera_slot_targets,chimera,hotpot,0.95,q9,8,100,1,0.9495,0.95009,0.95009,182.464,43.756,43.428,53.216,56.440,63.869,75.876,7.287,,8,4,384,28000,1800,448,5,gpu_search,/scratch3/workspace/juelinliu_umass_edu-gpu-mvr/gpu-mvr/profiling/chimera_slot_targets/logs/20260429T180041Z/hotpot/chimera/targets090_095_slots8_runs3.log,0,/scratch3/workspace/juelinliu_umass_edu-gpu-mvr/gpu-mvr/gpu-mvr/build/gpu_search --query /scratch3/workspace/juelinliu_umass_edu-gpu-mvr/gpu-mvr/dataset/hotpot/raw/query.bin --gt /scratch3/workspace/juelinliu_umass_edu-gpu-mvr/gpu-mvr/dataset/hotpot/raw/gt.tsv --index /scratch3/workspace/juelinliu_umass_edu-gpu-mvr/gpu-mvr/dataset/hotpot/gpu_mvr_2m --k 100 --nq -1 --warmup 5 --concurrent-queries 8 --config-file /scratch3/workspace/juelinliu_umass_edu-gpu-mvr/gpu-mvr/config/tmp/chimera_slot_targets/20260429T180041Z/hotpot/chimera/targets090_095_slots8_runs3.csv,,5480.545,,r095_q9_run1,25.859,-1,5
chimera_slot_targets,chimera,hotpot,0.95,q9,8,100,2,0.9495,0.95009,0.95009,182.551,43.744,43.412,52.645,57.141,65.606,76.501,7.346,,8,4,384,28000,1800,448,5,gpu_search,/scratch3/workspace/juelinliu_umass_edu-gpu-mvr/gpu-mvr/profiling/chimera_slot_targets/logs/20260429T180041Z/hotpot/chimera/targets090_095_slots8_runs3.log,0,/scratch3/workspace/juelinliu_umass_edu-gpu-mvr/gpu-mvr/gpu-mvr/build/gpu_search --query /scratch3/workspace/juelinliu_umass_edu-gpu-mvr/gpu-mvr/dataset/hotpot/raw/query.bin --gt /scratch3/workspace/juelinliu_umass_edu-gpu-mvr/gpu-mvr/dataset/hotpot/raw/gt.tsv --index /scratch3/workspace/juelinliu_umass_edu-gpu-mvr/gpu-mvr/dataset/hotpot/gpu_mvr_2m --k 100 --nq -1 --warmup 5 --concurrent-queries 8 --config-file /scratch3/workspace/juelinliu_umass_edu-gpu-mvr/gpu-mvr/config/tmp/chimera_slot_targets/20260429T180041Z/hotpot/chimera/targets090_095_slots8_runs3.csv,,5477.909,,r095_q9_run2,23.348,-1,5
chimera_slot_targets,chimera,hotpot,0.95,q9,8,100,3,0.9495,0.95013,0.95013,182.593,43.722,43.140,52.677,56.434,64.225,73.759,7.216,15815.38,8,4,384,28000,1800,448,5,gpu_search,/scratch3/workspace/juelinliu_umass_edu-gpu-mvr/gpu-mvr/profiling/chimera_slot_targets/logs/20260429T180041Z/hotpot/chimera/targets090_095_slots8_runs3.log,0,/scratch3/workspace/juelinliu_umass_edu-gpu-mvr/gpu-mvr/gpu-mvr/build/gpu_search --query /scratch3/workspace/juelinliu_umass_edu-gpu-mvr/gpu-mvr/dataset/hotpot/raw/query.bin --gt /scratch3/workspace/juelinliu_umass_edu-gpu-mvr/gpu-mvr/dataset/hotpot/raw/gt.tsv --index /scratch3/workspace/juelinliu_umass_edu-gpu-mvr/gpu-mvr/dataset/hotpot/gpu_mvr_2m --k 100 --nq -1 --warmup 5 --concurrent-queries 8 --config-file /scratch3/workspace/juelinliu_umass_edu-gpu-mvr/gpu-mvr/config/tmp/chimera_slot_targets/20260429T180041Z/hotpot/chimera/targets090_095_slots8_runs3.csv,,5476.648,15815.38,r095_q9_run3,20.514,-1,5
chimera_slot_targets,chimera,hotpot,0.90,q4,10,100,1,0.9443,0.91391,0.91391,595.564,16.745,15.855,22.779,24.898,30.179,39.208,4.441,,10,3,160,5000,500,224,6,gpu_search,/scratch3/workspace/juelinliu_umass_edu-gpu-mvr/gpu-mvr/profiling/chimera_slot_targets/logs/20260429T180041Z/hotpot/chimera/targets090_095_slots10_runs3.log,0,/scratch3/workspace/juelinliu_umass_edu-gpu-mvr/gpu-mvr/gpu-mvr/build/gpu_search --query /scratch3/workspace/juelinliu_umass_edu-gpu-mvr/gpu-mvr/dataset/hotpot/raw/query.bin --gt /scratch3/workspace/juelinliu_umass_edu-gpu-mvr/gpu-mvr/dataset/hotpot/raw/gt.tsv --index /scratch3/workspace/juelinliu_umass_edu-gpu-mvr/gpu-mvr/dataset/hotpot/gpu_mvr_2m --k 100 --nq -1 --warmup 5 --concurrent-queries 10 --config-file /scratch3/workspace/juelinliu_umass_edu-gpu-mvr/gpu-mvr/config/tmp/chimera_slot_targets/20260429T180041Z/hotpot/chimera/targets090_095_slots10_runs3.csv,,1679.080,,r090_q4_run1,7.599,-1,5
chimera_slot_targets,chimera,hotpot,0.90,q4,10,100,2,0.9442,0.91394,0.91394,604.803,16.491,15.778,22.097,24.580,30.581,37.519,4.409,,10,3,160,5000,500,224,6,gpu_search,/scratch3/workspace/juelinliu_umass_edu-gpu-mvr/gpu-mvr/profiling/chimera_slot_targets/logs/20260429T180041Z/hotpot/chimera/targets090_095_slots10_runs3.log,0,/scratch3/workspace/juelinliu_umass_edu-gpu-mvr/gpu-mvr/gpu-mvr/build/gpu_search --query /scratch3/workspace/juelinliu_umass_edu-gpu-mvr/gpu-mvr/dataset/hotpot/raw/query.bin --gt /scratch3/workspace/juelinliu_umass_edu-gpu-mvr/gpu-mvr/dataset/hotpot/raw/gt.tsv --index /scratch3/workspace/juelinliu_umass_edu-gpu-mvr/gpu-mvr/dataset/hotpot/gpu_mvr_2m --k 100 --nq -1 --warmup 5 --concurrent-queries 10 --config-file /scratch3/workspace/juelinliu_umass_edu-gpu-mvr/gpu-mvr/config/tmp/chimera_slot_targets/20260429T180041Z/hotpot/chimera/targets090_095_slots10_runs3.csv,,1653.432,,r090_q4_run2,7.570,-1,5
chimera_slot_targets,chimera,hotpot,0.90,q4,10,100,3,0.9442,0.91391,0.91391,606.409,16.460,15.768,22.386,24.629,29.564,35.162,4.421,,10,3,160,5000,500,224,6,gpu_search,/scratch3/workspace/juelinliu_umass_edu-gpu-mvr/gpu-mvr/profiling/chimera_slot_targets/logs/20260429T180041Z/hotpot/chimera/targets090_095_slots10_runs3.log,0,/scratch3/workspace/juelinliu_umass_edu-gpu-mvr/gpu-mvr/gpu-mvr/build/gpu_search --query /scratch3/workspace/juelinliu_umass_edu-gpu-mvr/gpu-mvr/dataset/hotpot/raw/query.bin --gt /scratch3/workspace/juelinliu_umass_edu-gpu-mvr/gpu-mvr/dataset/hotpot/raw/gt.tsv --index /scratch3/workspace/juelinliu_umass_edu-gpu-mvr/gpu-mvr/dataset/hotpot/gpu_mvr_2m --k 100 --nq -1 --warmup 5 --concurrent-queries 10 --config-file /scratch3/workspace/juelinliu_umass_edu-gpu-mvr/gpu-mvr/config/tmp/chimera_slot_targets/20260429T180041Z/hotpot/chimera/targets090_095_slots10_runs3.csv,,1649.053,,r090_q4_run3,7.323,-1,5
chimera_slot_targets,chimera,hotpot,0.95,q9,10,100,1,0.9495,0.95013,0.95013,181.568,54.931,54.107,70.441,74.774,84.768,103.840,11.125,,10,3,384,28000,1800,448,5,gpu_search,/scratch3/workspace/juelinliu_umass_edu-gpu-mvr/gpu-mvr/profiling/chimera_slot_targets/logs/20260429T180041Z/hotpot/chimera/targets090_095_slots10_runs3.log,0,/scratch3/workspace/juelinliu_umass_edu-gpu-mvr/gpu-mvr/gpu-mvr/build/gpu_search --query /scratch3/workspace/juelinliu_umass_edu-gpu-mvr/gpu-mvr/dataset/hotpot/raw/query.bin --gt /scratch3/workspace/juelinliu_umass_edu-gpu-mvr/gpu-mvr/dataset/hotpot/raw/gt.tsv --index /scratch3/workspace/juelinliu_umass_edu-gpu-mvr/gpu-mvr/dataset/hotpot/gpu_mvr_2m --k 100 --nq -1 --warmup 5 --concurrent-queries 10 --config-file /scratch3/workspace/juelinliu_umass_edu-gpu-mvr/gpu-mvr/config/tmp/chimera_slot_targets/20260429T180041Z/hotpot/chimera/targets090_095_slots10_runs3.csv,,5507.579,,r095_q9_run1,28.566,-1,5
chimera_slot_targets,chimera,hotpot,0.95,q9,10,100,2,0.9495,0.95008,0.95008,182.345,54.697,53.949,69.455,75.441,90.047,100.731,11.499,,10,3,384,28000,1800,448,5,gpu_search,/scratch3/workspace/juelinliu_umass_edu-gpu-mvr/gpu-mvr/profiling/chimera_slot_targets/logs/20260429T180041Z/hotpot/chimera/targets090_095_slots10_runs3.log,0,/scratch3/workspace/juelinliu_umass_edu-gpu-mvr/gpu-mvr/gpu-mvr/build/gpu_search --query /scratch3/workspace/juelinliu_umass_edu-gpu-mvr/gpu-mvr/dataset/hotpot/raw/query.bin --gt /scratch3/workspace/juelinliu_umass_edu-gpu-mvr/gpu-mvr/dataset/hotpot/raw/gt.tsv --index /scratch3/workspace/juelinliu_umass_edu-gpu-mvr/gpu-mvr/dataset/hotpot/gpu_mvr_2m --k 100 --nq -1 --warmup 5 --concurrent-queries 10 --config-file /scratch3/workspace/juelinliu_umass_edu-gpu-mvr/gpu-mvr/config/tmp/chimera_slot_targets/20260429T180041Z/hotpot/chimera/targets090_095_slots10_runs3.csv,,5484.123,,r095_q9_run2,27.884,-1,5
chimera_slot_targets,chimera,hotpot,0.95,q9,10,100,3,0.9495,0.95014,0.95014,182.384,54.683,53.629,69.689,73.907,82.329,102.510,11.172,17367.38,10,3,384,28000,1800,448,5,gpu_search,/scratch3/workspace/juelinliu_umass_edu-gpu-mvr/gpu-mvr/profiling/chimera_slot_targets/logs/20260429T180041Z/hotpot/chimera/targets090_095_slots10_runs3.log,0,/scratch3/workspace/juelinliu_umass_edu-gpu-mvr/gpu-mvr/gpu-mvr/build/gpu_search --query /scratch3/workspace/juelinliu_umass_edu-gpu-mvr/gpu-mvr/dataset/hotpot/raw/query.bin --gt /scratch3/workspace/juelinliu_umass_edu-gpu-mvr/gpu-mvr/dataset/hotpot/raw/gt.tsv --index /scratch3/workspace/juelinliu_umass_edu-gpu-mvr/gpu-mvr/dataset/hotpot/gpu_mvr_2m --k 100 --nq -1 --warmup 5 --concurrent-queries 10 --config-file /scratch3/workspace/juelinliu_umass_edu-gpu-mvr/gpu-mvr/config/tmp/chimera_slot_targets/20260429T180041Z/hotpot/chimera/targets090_095_slots10_runs3.csv,,5482.948,17367.38,r095_q9_run3,28.597,-1,5
